path,label,output
Alzheimer_s Dataset/test/VeryMildDemented/28 (56).jpg,0,0
Alzheimer_s Dataset/test/VeryMildDemented/29 (56).jpg,0,0
Alzheimer_s Dataset/test/VeryMildDemented/32 (50).jpg,0,3
Alzheimer_s Dataset/test/VeryMildDemented/31 (59).jpg,0,2
Alzheimer_s Dataset/test/VeryMildDemented/27 (39).jpg,0,0
Alzheimer_s Dataset/test/VeryMildDemented/30 (59).jpg,0,2
Alzheimer_s Dataset/test/VeryMildDemented/29 (8).jpg,0,0
Alzheimer_s Dataset/test/VeryMildDemented/32 (46).jpg,0,3
Alzheimer_s Dataset/test/VeryMildDemented/28 (17).jpg,0,0
Alzheimer_s Dataset/test/VeryMildDemented/29 (17).jpg,0,0
Alzheimer_s Dataset/test/VeryMildDemented/30 (4).jpg,0,0
Alzheimer_s Dataset/test/VeryMildDemented/32 (11).jpg,0,3
Alzheimer_s Dataset/test/VeryMildDemented/31 (18).jpg,0,0
Alzheimer_s Dataset/test/VeryMildDemented/30 (18).jpg,0,0
Alzheimer_s Dataset/test/VeryMildDemented/29 (40).jpg,0,0
Alzheimer_s Dataset/test/VeryMildDemented/28 (40).jpg,0,0
Alzheimer_s Dataset/test/VeryMildDemented/31 (63).jpg,0,3
Alzheimer_s Dataset/test/VeryMildDemented/30 (63).jpg,0,3
Alzheimer_s Dataset/test/VeryMildDemented/27 (54).jpg,0,0
Alzheimer_s Dataset/test/VeryMildDemented/30 (34).jpg,0,3
Alzheimer_s Dataset/test/VeryMildDemented/26 (54).jpg,0,0
Alzheimer_s Dataset/test/VeryMildDemented/31 (34).jpg,0,3
Alzheimer_s Dataset/test/VeryMildDemented/31 (5).jpg,0,3
Alzheimer_s Dataset/test/VeryMildDemented/31 (22).jpg,0,3
Alzheimer_s Dataset/test/VeryMildDemented/30 (22).jpg,0,3
Alzheimer_s Dataset/test/VeryMildDemented/27 (42).jpg,0,0
Alzheimer_s Dataset/test/VeryMildDemented/32 (3).jpg,0,0
Alzheimer_s Dataset/test/VeryMildDemented/27 (15).jpg,0,3
Alzheimer_s Dataset/test/VeryMildDemented/28 (9).jpg,0,0
Alzheimer_s Dataset/test/VeryMildDemented/26 (62).jpg,0,0
Alzheimer_s Dataset/test/VeryMildDemented/27 (62).jpg,0,0
Alzheimer_s Dataset/test/VeryMildDemented/29 (4).jpg,0,0
Alzheimer_s Dataset/test/VeryMildDemented/30 (55).jpg,0,3
Alzheimer_s Dataset/test/VeryMildDemented/27 (35).jpg,0,0
Alzheimer_s Dataset/test/VeryMildDemented/31 (55).jpg,0,0
Alzheimer_s Dataset/test/VeryMildDemented/31 (43).jpg,0,0
Alzheimer_s Dataset/test/VeryMildDemented/27 (23).jpg,0,0
Alzheimer_s Dataset/test/VeryMildDemented/30 (43).jpg,0,0
Alzheimer_s Dataset/test/VeryMildDemented/30 (8).jpg,0,3
Alzheimer_s Dataset/test/VeryMildDemented/30 (14).jpg,0,0
Alzheimer_s Dataset/test/VeryMildDemented/31 (14).jpg,0,0
Alzheimer_s Dataset/test/VeryMildDemented/28 (37).jpg,0,0
Alzheimer_s Dataset/test/VeryMildDemented/29 (37).jpg,0,3
Alzheimer_s Dataset/test/VeryMildDemented/32 (66).jpg,0,3
Alzheimer_s Dataset/test/VeryMildDemented/29 (60).jpg,0,0
Alzheimer_s Dataset/test/VeryMildDemented/28 (60).jpg,0,0
Alzheimer_s Dataset/test/VeryMildDemented/31 (9).jpg,0,0
Alzheimer_s Dataset/test/VeryMildDemented/31 (38).jpg,0,3
Alzheimer_s Dataset/test/VeryMildDemented/26 (58).jpg,0,0
Alzheimer_s Dataset/test/VeryMildDemented/30 (38).jpg,0,3
Alzheimer_s Dataset/test/VeryMildDemented/27 (58).jpg,0,0
Alzheimer_s Dataset/test/VeryMildDemented/32 (31).jpg,0,0
Alzheimer_s Dataset/test/VeryMildDemented/32 (27).jpg,0,3
Alzheimer_s Dataset/test/VeryMildDemented/29 (21).jpg,0,0
Alzheimer_s Dataset/test/VeryMildDemented/28 (21).jpg,0,0
Alzheimer_s Dataset/test/VeryMildDemented/27 (19).jpg,0,0
Alzheimer_s Dataset/test/VeryMildDemented/28 (5).jpg,0,0
Alzheimer_s Dataset/test/VeryMildDemented/32 (70).jpg,0,0
Alzheimer_s Dataset/test/VeryMildDemented/27 (18).jpg,0,0
Alzheimer_s Dataset/test/VeryMildDemented/28 (4).jpg,0,0
Alzheimer_s Dataset/test/VeryMildDemented/29 (20).jpg,0,0
Alzheimer_s Dataset/test/VeryMildDemented/28 (20).jpg,0,0
Alzheimer_s Dataset/test/VeryMildDemented/32 (26).jpg,0,3
Alzheimer_s Dataset/test/VeryMildDemented/26 (59).jpg,0,2
Alzheimer_s Dataset/test/VeryMildDemented/31 (39).jpg,0,3
Alzheimer_s Dataset/test/VeryMildDemented/27 (59).jpg,0,2
Alzheimer_s Dataset/test/VeryMildDemented/30 (39).jpg,0,3
Alzheimer_s Dataset/test/VeryMildDemented/32 (30).jpg,0,0
Alzheimer_s Dataset/test/VeryMildDemented/29 (61).jpg,0,3
Alzheimer_s Dataset/test/VeryMildDemented/28 (61).jpg,0,0
Alzheimer_s Dataset/test/VeryMildDemented/31 (8).jpg,0,3
Alzheimer_s Dataset/test/VeryMildDemented/32 (67).jpg,0,3
Alzheimer_s Dataset/test/VeryMildDemented/28 (36).jpg,0,2
Alzheimer_s Dataset/test/VeryMildDemented/29 (36).jpg,0,2
Alzheimer_s Dataset/test/VeryMildDemented/30 (9).jpg,0,0
Alzheimer_s Dataset/test/VeryMildDemented/30 (15).jpg,0,3
Alzheimer_s Dataset/test/VeryMildDemented/31 (15).jpg,0,3
Alzheimer_s Dataset/test/VeryMildDemented/31 (42).jpg,0,0
Alzheimer_s Dataset/test/VeryMildDemented/30 (42).jpg,0,0
Alzheimer_s Dataset/test/VeryMildDemented/27 (22).jpg,0,0
Alzheimer_s Dataset/test/VeryMildDemented/27 (34).jpg,0,3
Alzheimer_s Dataset/test/VeryMildDemented/30 (54).jpg,0,0
Alzheimer_s Dataset/test/VeryMildDemented/31 (54).jpg,0,0
Alzheimer_s Dataset/test/VeryMildDemented/29 (5).jpg,0,3
Alzheimer_s Dataset/test/VeryMildDemented/26 (63).jpg,0,0
Alzheimer_s Dataset/test/VeryMildDemented/27 (63).jpg,0,3
Alzheimer_s Dataset/test/VeryMildDemented/27 (14).jpg,0,0
Alzheimer_s Dataset/test/VeryMildDemented/28 (8).jpg,0,3
Alzheimer_s Dataset/test/VeryMildDemented/31 (23).jpg,0,0
Alzheimer_s Dataset/test/VeryMildDemented/27 (43).jpg,0,0
Alzheimer_s Dataset/test/VeryMildDemented/30 (23).jpg,0,0
Alzheimer_s Dataset/test/VeryMildDemented/32 (2).jpg,0,0
Alzheimer_s Dataset/test/VeryMildDemented/31 (4).jpg,0,0
Alzheimer_s Dataset/test/VeryMildDemented/30 (35).jpg,0,0
Alzheimer_s Dataset/test/VeryMildDemented/27 (55).jpg,0,0
Alzheimer_s Dataset/test/VeryMildDemented/31 (35).jpg,0,0
Alzheimer_s Dataset/test/VeryMildDemented/26 (55).jpg,0,0
Alzheimer_s Dataset/test/VeryMildDemented/31 (62).jpg,0,0
Alzheimer_s Dataset/test/VeryMildDemented/30 (62).jpg,0,0
Alzheimer_s Dataset/test/VeryMildDemented/29 (41).jpg,0,0
Alzheimer_s Dataset/test/VeryMildDemented/28 (41).jpg,0,0
Alzheimer_s Dataset/test/VeryMildDemented/30 (5).jpg,0,3
Alzheimer_s Dataset/test/VeryMildDemented/32 (10).jpg,0,3
Alzheimer_s Dataset/test/VeryMildDemented/31 (19).jpg,0,3
Alzheimer_s Dataset/test/VeryMildDemented/30 (19).jpg,0,3
Alzheimer_s Dataset/test/VeryMildDemented/28 (16).jpg,0,0
Alzheimer_s Dataset/test/VeryMildDemented/29 (16).jpg,0,0
Alzheimer_s Dataset/test/VeryMildDemented/32 (47).jpg,0,0
Alzheimer_s Dataset/test/VeryMildDemented/29 (9).jpg,0,0
Alzheimer_s Dataset/test/VeryMildDemented/32 (51).jpg,0,3
Alzheimer_s Dataset/test/VeryMildDemented/31 (58).jpg,0,3
Alzheimer_s Dataset/test/VeryMildDemented/30 (58).jpg,0,3
Alzheimer_s Dataset/test/VeryMildDemented/27 (38).jpg,0,0
Alzheimer_s Dataset/test/VeryMildDemented/28 (57).jpg,0,0
Alzheimer_s Dataset/test/VeryMildDemented/29 (57).jpg,0,2
Alzheimer_s Dataset/test/VeryMildDemented/28.jpg,0,0
Alzheimer_s Dataset/test/VeryMildDemented/27 (64).jpg,0,0
Alzheimer_s Dataset/test/VeryMildDemented/26 (64).jpg,0,0
Alzheimer_s Dataset/test/VeryMildDemented/29 (2).jpg,0,0
Alzheimer_s Dataset/test/VeryMildDemented/31 (53).jpg,0,0
Alzheimer_s Dataset/test/VeryMildDemented/30 (53).jpg,0,0
Alzheimer_s Dataset/test/VeryMildDemented/27 (33).jpg,0,0
Alzheimer_s Dataset/test/VeryMildDemented/27 (25).jpg,0,0
Alzheimer_s Dataset/test/VeryMildDemented/30 (45).jpg,0,0
Alzheimer_s Dataset/test/VeryMildDemented/31 (45).jpg,0,0
Alzheimer_s Dataset/test/VeryMildDemented/31 (12).jpg,0,3
Alzheimer_s Dataset/test/VeryMildDemented/30 (12).jpg,0,3
Alzheimer_s Dataset/test/VeryMildDemented/29 (31).jpg,0,0
Alzheimer_s Dataset/test/VeryMildDemented/28 (31).jpg,0,0
Alzheimer_s Dataset/test/VeryMildDemented/31 (69).jpg,0,3
Alzheimer_s Dataset/test/VeryMildDemented/30 (69).jpg,0,3
Alzheimer_s Dataset/test/VeryMildDemented/32 (60).jpg,0,3
Alzheimer_s Dataset/test/VeryMildDemented/28 (66).jpg,0,0
Alzheimer_s Dataset/test/VeryMildDemented/29 (66).jpg,0,0
Alzheimer_s Dataset/test/VeryMildDemented/32 (37).jpg,0,0
Alzheimer_s Dataset/test/VeryMildDemented/29 (70).jpg,0,2
Alzheimer_s Dataset/test/VeryMildDemented/28 (70).jpg,0,0
Alzheimer_s Dataset/test/VeryMildDemented/26 (48).jpg,0,0
Alzheimer_s Dataset/test/VeryMildDemented/31 (28).jpg,0,2
Alzheimer_s Dataset/test/VeryMildDemented/27 (48).jpg,0,0
Alzheimer_s Dataset/test/VeryMildDemented/30 (28).jpg,0,2
Alzheimer_s Dataset/test/VeryMildDemented/32 (21).jpg,0,0
Alzheimer_s Dataset/test/VeryMildDemented/32 (9).jpg,0,0
Alzheimer_s Dataset/test/VeryMildDemented/28 (27).jpg,0,0
Alzheimer_s Dataset/test/VeryMildDemented/29 (27).jpg,0,0
Alzheimer_s Dataset/test/VeryMildDemented/29.jpg,0,3
Alzheimer_s Dataset/test/VeryMildDemented/28 (3).jpg,0,0
Alzheimer_s Dataset/test/VeryMildDemented/26 (68).jpg,0,0
Alzheimer_s Dataset/test/VeryMildDemented/27 (68).jpg,0,0
Alzheimer_s Dataset/test/VeryMildDemented/29 (50).jpg,0,3
Alzheimer_s Dataset/test/VeryMildDemented/28 (50).jpg,0,3
Alzheimer_s Dataset/test/VeryMildDemented/32 (56).jpg,0,3
Alzheimer_s Dataset/test/VeryMildDemented/32 (40).jpg,0,0
Alzheimer_s Dataset/test/VeryMildDemented/31 (49).jpg,0,3
Alzheimer_s Dataset/test/VeryMildDemented/30 (49).jpg,0,3
Alzheimer_s Dataset/test/VeryMildDemented/27 (29).jpg,0,0
Alzheimer_s Dataset/test/VeryMildDemented/27 (6).jpg,0,0
Alzheimer_s Dataset/test/VeryMildDemented/29 (11).jpg,0,3
Alzheimer_s Dataset/test/VeryMildDemented/28 (11).jpg,0,0
Alzheimer_s Dataset/test/VeryMildDemented/30 (2).jpg,0,0
Alzheimer_s Dataset/test/VeryMildDemented/32 (17).jpg,0,0
Alzheimer_s Dataset/test/VeryMildDemented/28 (46).jpg,0,0
Alzheimer_s Dataset/test/VeryMildDemented/29 (46).jpg,0,0
Alzheimer_s Dataset/test/VeryMildDemented/30 (65).jpg,0,0
Alzheimer_s Dataset/test/VeryMildDemented/31 (65).jpg,0,0
Alzheimer_s Dataset/test/VeryMildDemented/26 (52).jpg,0,0
Alzheimer_s Dataset/test/VeryMildDemented/31 (32).jpg,0,3
Alzheimer_s Dataset/test/VeryMildDemented/27 (52).jpg,0,0
Alzheimer_s Dataset/test/VeryMildDemented/30 (32).jpg,0,3
Alzheimer_s Dataset/test/VeryMildDemented/31 (3).jpg,0,0
Alzheimer_s Dataset/test/VeryMildDemented/30 (24).jpg,0,0
Alzheimer_s Dataset/test/VeryMildDemented/27 (44).jpg,0,0
Alzheimer_s Dataset/test/VeryMildDemented/31 (24).jpg,0,0
Alzheimer_s Dataset/test/VeryMildDemented/26 (44).jpg,0,0
Alzheimer_s Dataset/test/VeryMildDemented/32 (5).jpg,0,0
Alzheimer_s Dataset/test/VeryMildDemented/27 (13).jpg,0,0
Alzheimer_s Dataset/test/VeryMildDemented/27 (12).jpg,0,0
Alzheimer_s Dataset/test/VeryMildDemented/27 (45).jpg,0,0
Alzheimer_s Dataset/test/VeryMildDemented/30 (25).jpg,0,3
Alzheimer_s Dataset/test/VeryMildDemented/26 (45).jpg,0,0
Alzheimer_s Dataset/test/VeryMildDemented/31 (25).jpg,0,3
Alzheimer_s Dataset/test/VeryMildDemented/32 (4).jpg,0,0
Alzheimer_s Dataset/test/VeryMildDemented/31 (2).jpg,0,0
Alzheimer_s Dataset/test/VeryMildDemented/31 (33).jpg,0,3
Alzheimer_s Dataset/test/VeryMildDemented/26 (53).jpg,0,0
Alzheimer_s Dataset/test/VeryMildDemented/30 (33).jpg,0,3
Alzheimer_s Dataset/test/VeryMildDemented/27 (53).jpg,0,0
Alzheimer_s Dataset/test/VeryMildDemented/30 (64).jpg,0,0
Alzheimer_s Dataset/test/VeryMildDemented/31 (64).jpg,0,0
Alzheimer_s Dataset/test/VeryMildDemented/28 (47).jpg,0,0
Alzheimer_s Dataset/test/VeryMildDemented/29 (47).jpg,0,0
Alzheimer_s Dataset/test/VeryMildDemented/30 (3).jpg,0,0
Alzheimer_s Dataset/test/VeryMildDemented/32 (16).jpg,0,0
Alzheimer_s Dataset/test/VeryMildDemented/27 (7).jpg,0,0
Alzheimer_s Dataset/test/VeryMildDemented/29 (10).jpg,0,0
Alzheimer_s Dataset/test/VeryMildDemented/28 (10).jpg,0,0
Alzheimer_s Dataset/test/VeryMildDemented/32 (41).jpg,0,0
Alzheimer_s Dataset/test/VeryMildDemented/31 (48).jpg,0,3
Alzheimer_s Dataset/test/VeryMildDemented/27 (28).jpg,0,0
Alzheimer_s Dataset/test/VeryMildDemented/30 (48).jpg,0,3
Alzheimer_s Dataset/test/VeryMildDemented/32 (57).jpg,0,3
Alzheimer_s Dataset/test/VeryMildDemented/29 (51).jpg,0,3
Alzheimer_s Dataset/test/VeryMildDemented/28 (51).jpg,0,3
Alzheimer_s Dataset/test/VeryMildDemented/26 (69).jpg,0,0
Alzheimer_s Dataset/test/VeryMildDemented/27 (69).jpg,0,0
Alzheimer_s Dataset/test/VeryMildDemented/28 (2).jpg,0,0
Alzheimer_s Dataset/test/VeryMildDemented/28 (26).jpg,0,0
Alzheimer_s Dataset/test/VeryMildDemented/29 (26).jpg,0,0
Alzheimer_s Dataset/test/VeryMildDemented/31 (29).jpg,0,3
Alzheimer_s Dataset/test/VeryMildDemented/26 (49).jpg,0,0
Alzheimer_s Dataset/test/VeryMildDemented/30 (29).jpg,0,0
Alzheimer_s Dataset/test/VeryMildDemented/27 (49).jpg,0,3
Alzheimer_s Dataset/test/VeryMildDemented/32 (20).jpg,0,0
Alzheimer_s Dataset/test/VeryMildDemented/32 (8).jpg,0,3
Alzheimer_s Dataset/test/VeryMildDemented/32 (36).jpg,0,2
Alzheimer_s Dataset/test/VeryMildDemented/28 (67).jpg,0,0
Alzheimer_s Dataset/test/VeryMildDemented/29 (67).jpg,0,0
Alzheimer_s Dataset/test/VeryMildDemented/31 (68).jpg,0,3
Alzheimer_s Dataset/test/VeryMildDemented/30 (68).jpg,0,3
Alzheimer_s Dataset/test/VeryMildDemented/32 (61).jpg,0,3
Alzheimer_s Dataset/test/VeryMildDemented/29 (30).jpg,0,3
Alzheimer_s Dataset/test/VeryMildDemented/28 (30).jpg,0,0
Alzheimer_s Dataset/test/VeryMildDemented/31 (13).jpg,0,3
Alzheimer_s Dataset/test/VeryMildDemented/30 (13).jpg,0,3
Alzheimer_s Dataset/test/VeryMildDemented/30 (44).jpg,0,0
Alzheimer_s Dataset/test/VeryMildDemented/27 (24).jpg,0,0
Alzheimer_s Dataset/test/VeryMildDemented/31 (44).jpg,0,0
Alzheimer_s Dataset/test/VeryMildDemented/31 (52).jpg,0,0
Alzheimer_s Dataset/test/VeryMildDemented/27 (32).jpg,0,0
Alzheimer_s Dataset/test/VeryMildDemented/30 (52).jpg,0,0
Alzheimer_s Dataset/test/VeryMildDemented/29 (3).jpg,0,0
Alzheimer_s Dataset/test/VeryMildDemented/27 (65).jpg,0,0
Alzheimer_s Dataset/test/VeryMildDemented/26 (65).jpg,0,0
Alzheimer_s Dataset/test/VeryMildDemented/29 (25).jpg,0,0
Alzheimer_s Dataset/test/VeryMildDemented/28 (25).jpg,0,0
Alzheimer_s Dataset/test/VeryMildDemented/32 (23).jpg,0,0
Alzheimer_s Dataset/test/VeryMildDemented/32 (35).jpg,0,0
Alzheimer_s Dataset/test/VeryMildDemented/29 (64).jpg,0,0
Alzheimer_s Dataset/test/VeryMildDemented/28 (64).jpg,0,0
Alzheimer_s Dataset/test/VeryMildDemented/32 (62).jpg,0,0
Alzheimer_s Dataset/test/VeryMildDemented/28 (33).jpg,0,3
Alzheimer_s Dataset/test/VeryMildDemented/29 (33).jpg,0,3
Alzheimer_s Dataset/test/VeryMildDemented/30 (10).jpg,0,3
Alzheimer_s Dataset/test/VeryMildDemented/27 (70).jpg,0,0
Alzheimer_s Dataset/test/VeryMildDemented/31 (10).jpg,0,3
Alzheimer_s Dataset/test/VeryMildDemented/26 (70).jpg,0,0
Alzheimer_s Dataset/test/VeryMildDemented/32 (19).jpg,0,3
Alzheimer_s Dataset/test/VeryMildDemented/28 (48).jpg,0,0
Alzheimer_s Dataset/test/VeryMildDemented/29 (48).jpg,0,3
Alzheimer_s Dataset/test/VeryMildDemented/31 (47).jpg,0,0
Alzheimer_s Dataset/test/VeryMildDemented/30 (47).jpg,0,0
Alzheimer_s Dataset/test/VeryMildDemented/27 (27).jpg,0,0
Alzheimer_s Dataset/test/VeryMildDemented/27 (8).jpg,0,0
Alzheimer_s Dataset/test/VeryMildDemented/27 (31).jpg,0,0
Alzheimer_s Dataset/test/VeryMildDemented/30 (51).jpg,0,3
Alzheimer_s Dataset/test/VeryMildDemented/31 (51).jpg,0,3
Alzheimer_s Dataset/test/VeryMildDemented/32 (58).jpg,0,3
Alzheimer_s Dataset/test/VeryMildDemented/26 (66).jpg,0,0
Alzheimer_s Dataset/test/VeryMildDemented/27 (66).jpg,0,0
Alzheimer_s Dataset/test/VeryMildDemented/28 (29).jpg,0,0
Alzheimer_s Dataset/test/VeryMildDemented/29 (29).jpg,0,0
Alzheimer_s Dataset/test/VeryMildDemented/27 (11).jpg,0,0
Alzheimer_s Dataset/test/VeryMildDemented/32 (7).jpg,0,0
Alzheimer_s Dataset/test/VeryMildDemented/26 (46).jpg,0,0
Alzheimer_s Dataset/test/VeryMildDemented/31 (26).jpg,0,3
Alzheimer_s Dataset/test/VeryMildDemented/27 (46).jpg,0,0
Alzheimer_s Dataset/test/VeryMildDemented/30 (26).jpg,0,0
Alzheimer_s Dataset/test/VeryMildDemented/28 (68).jpg,0,0
Alzheimer_s Dataset/test/VeryMildDemented/29 (68).jpg,0,0
Alzheimer_s Dataset/test/VeryMildDemented/32 (39).jpg,0,3
Alzheimer_s Dataset/test/VeryMildDemented/30 (30).jpg,0,3
Alzheimer_s Dataset/test/VeryMildDemented/27 (50).jpg,0,0
Alzheimer_s Dataset/test/VeryMildDemented/31 (30).jpg,0,0
Alzheimer_s Dataset/test/VeryMildDemented/26 (50).jpg,0,0
Alzheimer_s Dataset/test/VeryMildDemented/31 (67).jpg,0,3
Alzheimer_s Dataset/test/VeryMildDemented/30 (67).jpg,0,0
Alzheimer_s Dataset/test/VeryMildDemented/29 (44).jpg,0,0
Alzheimer_s Dataset/test/VeryMildDemented/28 (44).jpg,0,0
Alzheimer_s Dataset/test/VeryMildDemented/32 (15).jpg,0,3
Alzheimer_s Dataset/test/VeryMildDemented/28 (13).jpg,0,0
Alzheimer_s Dataset/test/VeryMildDemented/29 (13).jpg,0,0
Alzheimer_s Dataset/test/VeryMildDemented/27 (4).jpg,0,0
Alzheimer_s Dataset/test/VeryMildDemented/32 (42).jpg,0,0
Alzheimer_s Dataset/test/VeryMildDemented/32 (54).jpg,0,3
Alzheimer_s Dataset/test/VeryMildDemented/28 (52).jpg,0,0
Alzheimer_s Dataset/test/VeryMildDemented/29 (52).jpg,0,0
Alzheimer_s Dataset/test/VeryMildDemented/27.jpg,0,0
Alzheimer_s Dataset/test/VeryMildDemented/28 (53).jpg,0,0
Alzheimer_s Dataset/test/VeryMildDemented/29 (53).jpg,0,0
Alzheimer_s Dataset/test/VeryMildDemented/32 (55).jpg,0,0
Alzheimer_s Dataset/test/VeryMildDemented/32 (43).jpg,0,0
Alzheimer_s Dataset/test/VeryMildDemented/28 (12).jpg,0,0
Alzheimer_s Dataset/test/VeryMildDemented/29 (12).jpg,0,3
Alzheimer_s Dataset/test/VeryMildDemented/27 (5).jpg,0,0
Alzheimer_s Dataset/test/VeryMildDemented/32 (14).jpg,0,0
Alzheimer_s Dataset/test/VeryMildDemented/29 (45).jpg,0,0
Alzheimer_s Dataset/test/VeryMildDemented/28 (45).jpg,0,0
Alzheimer_s Dataset/test/VeryMildDemented/31 (66).jpg,0,3
Alzheimer_s Dataset/test/VeryMildDemented/30 (66).jpg,0,3
Alzheimer_s Dataset/test/VeryMildDemented/32 (38).jpg,0,3
Alzheimer_s Dataset/test/VeryMildDemented/27 (51).jpg,0,3
Alzheimer_s Dataset/test/VeryMildDemented/30 (31).jpg,0,0
Alzheimer_s Dataset/test/VeryMildDemented/26 (51).jpg,0,3
Alzheimer_s Dataset/test/VeryMildDemented/31 (31).jpg,0,0
Alzheimer_s Dataset/test/VeryMildDemented/28 (69).jpg,0,0
Alzheimer_s Dataset/test/VeryMildDemented/29 (69).jpg,0,0
Alzheimer_s Dataset/test/VeryMildDemented/32 (6).jpg,0,0
Alzheimer_s Dataset/test/VeryMildDemented/31 (27).jpg,0,3
Alzheimer_s Dataset/test/VeryMildDemented/26 (47).jpg,0,0
Alzheimer_s Dataset/test/VeryMildDemented/30 (27).jpg,0,0
Alzheimer_s Dataset/test/VeryMildDemented/27 (47).jpg,0,2
Alzheimer_s Dataset/test/VeryMildDemented/30 (70).jpg,0,0
Alzheimer_s Dataset/test/VeryMildDemented/27 (10).jpg,0,0
Alzheimer_s Dataset/test/VeryMildDemented/31 (70).jpg,0,0
Alzheimer_s Dataset/test/VeryMildDemented/26.jpg,0,0
Alzheimer_s Dataset/test/VeryMildDemented/32.jpg,0,3
Alzheimer_s Dataset/test/VeryMildDemented/28 (28).jpg,0,0
Alzheimer_s Dataset/test/VeryMildDemented/29 (28).jpg,0,2
Alzheimer_s Dataset/test/VeryMildDemented/30.jpg,0,3
Alzheimer_s Dataset/test/VeryMildDemented/26 (67).jpg,0,0
Alzheimer_s Dataset/test/VeryMildDemented/27 (67).jpg,0,0
Alzheimer_s Dataset/test/VeryMildDemented/30 (50).jpg,0,3
Alzheimer_s Dataset/test/VeryMildDemented/27 (30).jpg,0,0
Alzheimer_s Dataset/test/VeryMildDemented/31 (50).jpg,0,0
Alzheimer_s Dataset/test/VeryMildDemented/32 (59).jpg,0,0
Alzheimer_s Dataset/test/VeryMildDemented/27 (9).jpg,0,0
Alzheimer_s Dataset/test/VeryMildDemented/31 (46).jpg,0,0
Alzheimer_s Dataset/test/VeryMildDemented/27 (26).jpg,0,0
Alzheimer_s Dataset/test/VeryMildDemented/30 (46).jpg,0,0
Alzheimer_s Dataset/test/VeryMildDemented/28 (49).jpg,0,3
Alzheimer_s Dataset/test/VeryMildDemented/29 (49).jpg,0,3
Alzheimer_s Dataset/test/VeryMildDemented/30 (11).jpg,0,3
Alzheimer_s Dataset/test/VeryMildDemented/31 (11).jpg,0,3
Alzheimer_s Dataset/test/VeryMildDemented/32 (18).jpg,0,0
Alzheimer_s Dataset/test/VeryMildDemented/28 (32).jpg,0,0
Alzheimer_s Dataset/test/VeryMildDemented/29 (32).jpg,0,0
Alzheimer_s Dataset/test/VeryMildDemented/32 (63).jpg,0,3
Alzheimer_s Dataset/test/VeryMildDemented/29 (65).jpg,0,0
Alzheimer_s Dataset/test/VeryMildDemented/28 (65).jpg,0,0
Alzheimer_s Dataset/test/VeryMildDemented/32 (34).jpg,0,3
Alzheimer_s Dataset/test/VeryMildDemented/32 (22).jpg,0,3
Alzheimer_s Dataset/test/VeryMildDemented/29 (24).jpg,0,0
Alzheimer_s Dataset/test/VeryMildDemented/28 (24).jpg,0,0
Alzheimer_s Dataset/test/VeryMildDemented/31.jpg,0,3
Alzheimer_s Dataset/test/VeryMildDemented/27 (17).jpg,0,0
Alzheimer_s Dataset/test/VeryMildDemented/32 (29).jpg,0,3
Alzheimer_s Dataset/test/VeryMildDemented/27 (40).jpg,0,0
Alzheimer_s Dataset/test/VeryMildDemented/30 (20).jpg,0,0
Alzheimer_s Dataset/test/VeryMildDemented/31 (20).jpg,0,0
Alzheimer_s Dataset/test/VeryMildDemented/31 (7).jpg,0,0
Alzheimer_s Dataset/test/VeryMildDemented/31 (36).jpg,0,2
Alzheimer_s Dataset/test/VeryMildDemented/26 (56).jpg,0,0
Alzheimer_s Dataset/test/VeryMildDemented/30 (36).jpg,0,2
Alzheimer_s Dataset/test/VeryMildDemented/27 (56).jpg,0,0
Alzheimer_s Dataset/test/VeryMildDemented/28 (39).jpg,0,0
Alzheimer_s Dataset/test/VeryMildDemented/29 (39).jpg,0,0
Alzheimer_s Dataset/test/VeryMildDemented/32 (68).jpg,0,0
Alzheimer_s Dataset/test/VeryMildDemented/30 (61).jpg,0,3
Alzheimer_s Dataset/test/VeryMildDemented/31 (61).jpg,0,3
Alzheimer_s Dataset/test/VeryMildDemented/28 (42).jpg,0,0
Alzheimer_s Dataset/test/VeryMildDemented/29 (42).jpg,0,0
Alzheimer_s Dataset/test/VeryMildDemented/30 (6).jpg,0,0
Alzheimer_s Dataset/test/VeryMildDemented/32 (13).jpg,0,3
Alzheimer_s Dataset/test/VeryMildDemented/29 (15).jpg,0,3
Alzheimer_s Dataset/test/VeryMildDemented/28 (15).jpg,0,3
Alzheimer_s Dataset/test/VeryMildDemented/27 (2).jpg,0,0
Alzheimer_s Dataset/test/VeryMildDemented/32 (44).jpg,0,0
Alzheimer_s Dataset/test/VeryMildDemented/32 (52).jpg,0,0
Alzheimer_s Dataset/test/VeryMildDemented/29 (54).jpg,0,0
Alzheimer_s Dataset/test/VeryMildDemented/28 (54).jpg,0,0
Alzheimer_s Dataset/test/VeryMildDemented/28 (7).jpg,0,3
Alzheimer_s Dataset/test/VeryMildDemented/28 (23).jpg,0,0
Alzheimer_s Dataset/test/VeryMildDemented/29 (23).jpg,0,0
Alzheimer_s Dataset/test/VeryMildDemented/32 (25).jpg,0,3
Alzheimer_s Dataset/test/VeryMildDemented/32 (33).jpg,0,3
Alzheimer_s Dataset/test/VeryMildDemented/28 (62).jpg,0,0
Alzheimer_s Dataset/test/VeryMildDemented/29 (62).jpg,0,0
Alzheimer_s Dataset/test/VeryMildDemented/32 (64).jpg,0,0
Alzheimer_s Dataset/test/VeryMildDemented/29 (35).jpg,0,0
Alzheimer_s Dataset/test/VeryMildDemented/28 (35).jpg,0,3
Alzheimer_s Dataset/test/VeryMildDemented/31 (16).jpg,0,0
Alzheimer_s Dataset/test/VeryMildDemented/30 (16).jpg,0,0
Alzheimer_s Dataset/test/VeryMildDemented/30 (41).jpg,0,0
Alzheimer_s Dataset/test/VeryMildDemented/27 (21).jpg,0,0
Alzheimer_s Dataset/test/VeryMildDemented/31 (41).jpg,0,0
Alzheimer_s Dataset/test/VeryMildDemented/32 (48).jpg,0,3
Alzheimer_s Dataset/test/VeryMildDemented/28 (19).jpg,0,0
Alzheimer_s Dataset/test/VeryMildDemented/29 (19).jpg,0,3
Alzheimer_s Dataset/test/VeryMildDemented/31 (57).jpg,0,0
Alzheimer_s Dataset/test/VeryMildDemented/27 (37).jpg,0,0
Alzheimer_s Dataset/test/VeryMildDemented/30 (57).jpg,0,0
Alzheimer_s Dataset/test/VeryMildDemented/29 (6).jpg,0,0
Alzheimer_s Dataset/test/VeryMildDemented/27 (60).jpg,0,0
Alzheimer_s Dataset/test/VeryMildDemented/26 (60).jpg,0,0
Alzheimer_s Dataset/test/VeryMildDemented/28 (58).jpg,0,0
Alzheimer_s Dataset/test/VeryMildDemented/29 (58).jpg,0,3
Alzheimer_s Dataset/test/VeryMildDemented/28 (59).jpg,0,2
Alzheimer_s Dataset/test/VeryMildDemented/29 (59).jpg,0,2
Alzheimer_s Dataset/test/VeryMildDemented/27 (61).jpg,0,0
Alzheimer_s Dataset/test/VeryMildDemented/26 (61).jpg,0,0
Alzheimer_s Dataset/test/VeryMildDemented/29 (7).jpg,0,3
Alzheimer_s Dataset/test/VeryMildDemented/31 (56).jpg,0,3
Alzheimer_s Dataset/test/VeryMildDemented/30 (56).jpg,0,3
Alzheimer_s Dataset/test/VeryMildDemented/27 (36).jpg,0,0
Alzheimer_s Dataset/test/VeryMildDemented/28 (18).jpg,0,0
Alzheimer_s Dataset/test/VeryMildDemented/29 (18).jpg,0,0
Alzheimer_s Dataset/test/VeryMildDemented/27 (20).jpg,0,0
Alzheimer_s Dataset/test/VeryMildDemented/30 (40).jpg,0,0
Alzheimer_s Dataset/test/VeryMildDemented/31 (40).jpg,0,0
Alzheimer_s Dataset/test/VeryMildDemented/32 (49).jpg,0,3
Alzheimer_s Dataset/test/VeryMildDemented/31 (17).jpg,0,0
Alzheimer_s Dataset/test/VeryMildDemented/30 (17).jpg,0,0
Alzheimer_s Dataset/test/VeryMildDemented/29 (34).jpg,0,3
Alzheimer_s Dataset/test/VeryMildDemented/28 (34).jpg,0,3
Alzheimer_s Dataset/test/VeryMildDemented/32 (65).jpg,0,0
Alzheimer_s Dataset/test/VeryMildDemented/28 (63).jpg,0,3
Alzheimer_s Dataset/test/VeryMildDemented/29 (63).jpg,0,3
Alzheimer_s Dataset/test/VeryMildDemented/32 (32).jpg,0,3
Alzheimer_s Dataset/test/VeryMildDemented/32 (24).jpg,0,0
Alzheimer_s Dataset/test/VeryMildDemented/28 (22).jpg,0,0
Alzheimer_s Dataset/test/VeryMildDemented/29 (22).jpg,0,3
Alzheimer_s Dataset/test/VeryMildDemented/28 (6).jpg,0,0
Alzheimer_s Dataset/test/VeryMildDemented/29 (55).jpg,0,3
Alzheimer_s Dataset/test/VeryMildDemented/28 (55).jpg,0,3
Alzheimer_s Dataset/test/VeryMildDemented/32 (53).jpg,0,0
Alzheimer_s Dataset/test/VeryMildDemented/32 (45).jpg,0,0
Alzheimer_s Dataset/test/VeryMildDemented/29 (14).jpg,0,0
Alzheimer_s Dataset/test/VeryMildDemented/28 (14).jpg,0,0
Alzheimer_s Dataset/test/VeryMildDemented/27 (3).jpg,0,0
Alzheimer_s Dataset/test/VeryMildDemented/30 (7).jpg,0,0
Alzheimer_s Dataset/test/VeryMildDemented/32 (12).jpg,0,3
Alzheimer_s Dataset/test/VeryMildDemented/28 (43).jpg,0,0
Alzheimer_s Dataset/test/VeryMildDemented/29 (43).jpg,0,0
Alzheimer_s Dataset/test/VeryMildDemented/32 (69).jpg,0,3
Alzheimer_s Dataset/test/VeryMildDemented/30 (60).jpg,0,0
Alzheimer_s Dataset/test/VeryMildDemented/31 (60).jpg,0,2
Alzheimer_s Dataset/test/VeryMildDemented/28 (38).jpg,0,0
Alzheimer_s Dataset/test/VeryMildDemented/29 (38).jpg,0,3
Alzheimer_s Dataset/test/VeryMildDemented/26 (57).jpg,0,0
Alzheimer_s Dataset/test/VeryMildDemented/31 (37).jpg,0,3
Alzheimer_s Dataset/test/VeryMildDemented/27 (57).jpg,0,0
Alzheimer_s Dataset/test/VeryMildDemented/30 (37).jpg,0,3
Alzheimer_s Dataset/test/VeryMildDemented/31 (6).jpg,0,0
Alzheimer_s Dataset/test/VeryMildDemented/32 (28).jpg,0,0
Alzheimer_s Dataset/test/VeryMildDemented/30 (21).jpg,0,0
Alzheimer_s Dataset/test/VeryMildDemented/27 (41).jpg,0,0
Alzheimer_s Dataset/test/VeryMildDemented/31 (21).jpg,0,0
Alzheimer_s Dataset/test/VeryMildDemented/27 (16).jpg,0,0
Alzheimer_s Dataset/test/ModerateDemented/32 (2).jpg,1,0
Alzheimer_s Dataset/test/ModerateDemented/28.jpg,1,0
Alzheimer_s Dataset/test/ModerateDemented/29 (2).jpg,1,2
Alzheimer_s Dataset/test/ModerateDemented/29.jpg,1,0
Alzheimer_s Dataset/test/ModerateDemented/30 (2).jpg,1,0
Alzheimer_s Dataset/test/ModerateDemented/31 (2).jpg,1,0
Alzheimer_s Dataset/test/ModerateDemented/28 (2).jpg,1,2
Alzheimer_s Dataset/test/ModerateDemented/27.jpg,1,0
Alzheimer_s Dataset/test/ModerateDemented/32.jpg,1,0
Alzheimer_s Dataset/test/ModerateDemented/30.jpg,1,0
Alzheimer_s Dataset/test/ModerateDemented/31.jpg,1,3
Alzheimer_s Dataset/test/ModerateDemented/27 (2).jpg,1,1
Alzheimer_s Dataset/test/MildDemented/29 (8).jpg,2,2
Alzheimer_s Dataset/test/MildDemented/28 (17).jpg,2,2
Alzheimer_s Dataset/test/MildDemented/29 (17).jpg,2,0
Alzheimer_s Dataset/test/MildDemented/30 (4).jpg,2,3
Alzheimer_s Dataset/test/MildDemented/32 (11).jpg,2,0
Alzheimer_s Dataset/test/MildDemented/31 (18).jpg,2,3
Alzheimer_s Dataset/test/MildDemented/30 (18).jpg,2,3
Alzheimer_s Dataset/test/MildDemented/31 (5).jpg,2,3
Alzheimer_s Dataset/test/MildDemented/31 (22).jpg,2,2
Alzheimer_s Dataset/test/MildDemented/30 (22).jpg,2,2
Alzheimer_s Dataset/test/MildDemented/32 (3).jpg,2,0
Alzheimer_s Dataset/test/MildDemented/27 (15).jpg,2,3
Alzheimer_s Dataset/test/MildDemented/28 (9).jpg,2,2
Alzheimer_s Dataset/test/MildDemented/29 (4).jpg,2,2
Alzheimer_s Dataset/test/MildDemented/26 (23).jpg,2,2
Alzheimer_s Dataset/test/MildDemented/27 (23).jpg,2,2
Alzheimer_s Dataset/test/MildDemented/30 (8).jpg,2,0
Alzheimer_s Dataset/test/MildDemented/30 (14).jpg,2,2
Alzheimer_s Dataset/test/MildDemented/31 (14).jpg,2,2
Alzheimer_s Dataset/test/MildDemented/31 (9).jpg,2,0
Alzheimer_s Dataset/test/MildDemented/32 (27).jpg,2,2
Alzheimer_s Dataset/test/MildDemented/29 (21).jpg,2,0
Alzheimer_s Dataset/test/MildDemented/28 (21).jpg,2,3
Alzheimer_s Dataset/test/MildDemented/26 (19).jpg,2,2
Alzheimer_s Dataset/test/MildDemented/27 (19).jpg,2,0
Alzheimer_s Dataset/test/MildDemented/28 (5).jpg,2,3
Alzheimer_s Dataset/test/MildDemented/27 (18).jpg,2,2
Alzheimer_s Dataset/test/MildDemented/28 (4).jpg,2,2
Alzheimer_s Dataset/test/MildDemented/29 (20).jpg,2,2
Alzheimer_s Dataset/test/MildDemented/28 (20).jpg,2,2
Alzheimer_s Dataset/test/MildDemented/32 (26).jpg,2,3
Alzheimer_s Dataset/test/MildDemented/31 (8).jpg,2,0
Alzheimer_s Dataset/test/MildDemented/30 (9).jpg,2,0
Alzheimer_s Dataset/test/MildDemented/30 (15).jpg,2,3
Alzheimer_s Dataset/test/MildDemented/31 (15).jpg,2,2
Alzheimer_s Dataset/test/MildDemented/26 (22).jpg,2,2
Alzheimer_s Dataset/test/MildDemented/27 (22).jpg,2,2
Alzheimer_s Dataset/test/MildDemented/29 (5).jpg,2,3
Alzheimer_s Dataset/test/MildDemented/27 (14).jpg,2,2
Alzheimer_s Dataset/test/MildDemented/28 (8).jpg,2,2
Alzheimer_s Dataset/test/MildDemented/31 (23).jpg,2,3
Alzheimer_s Dataset/test/MildDemented/30 (23).jpg,2,3
Alzheimer_s Dataset/test/MildDemented/32 (2).jpg,2,2
Alzheimer_s Dataset/test/MildDemented/31 (4).jpg,2,3
Alzheimer_s Dataset/test/MildDemented/30 (5).jpg,2,3
Alzheimer_s Dataset/test/MildDemented/32 (10).jpg,2,0
Alzheimer_s Dataset/test/MildDemented/31 (19).jpg,2,0
Alzheimer_s Dataset/test/MildDemented/30 (19).jpg,2,0
Alzheimer_s Dataset/test/MildDemented/28 (16).jpg,2,2
Alzheimer_s Dataset/test/MildDemented/29 (16).jpg,2,0
Alzheimer_s Dataset/test/MildDemented/29 (9).jpg,2,0
Alzheimer_s Dataset/test/MildDemented/28.jpg,2,2
Alzheimer_s Dataset/test/MildDemented/29 (2).jpg,2,2
Alzheimer_s Dataset/test/MildDemented/27 (25).jpg,2,3
Alzheimer_s Dataset/test/MildDemented/26 (25).jpg,2,2
Alzheimer_s Dataset/test/MildDemented/31 (12).jpg,2,0
Alzheimer_s Dataset/test/MildDemented/30 (12).jpg,2,0
Alzheimer_s Dataset/test/MildDemented/31 (28).jpg,2,3
Alzheimer_s Dataset/test/MildDemented/30 (28).jpg,2,3
Alzheimer_s Dataset/test/MildDemented/32 (21).jpg,2,2
Alzheimer_s Dataset/test/MildDemented/32 (9).jpg,2,0
Alzheimer_s Dataset/test/MildDemented/28 (27).jpg,2,2
Alzheimer_s Dataset/test/MildDemented/29 (27).jpg,2,0
Alzheimer_s Dataset/test/MildDemented/29.jpg,2,0
Alzheimer_s Dataset/test/MildDemented/28 (3).jpg,2,0
Alzheimer_s Dataset/test/MildDemented/27 (6).jpg,2,2
Alzheimer_s Dataset/test/MildDemented/29 (11).jpg,2,2
Alzheimer_s Dataset/test/MildDemented/28 (11).jpg,2,2
Alzheimer_s Dataset/test/MildDemented/30 (2).jpg,2,2
Alzheimer_s Dataset/test/MildDemented/32 (17).jpg,2,0
Alzheimer_s Dataset/test/MildDemented/31 (3).jpg,2,0
Alzheimer_s Dataset/test/MildDemented/30 (24).jpg,2,0
Alzheimer_s Dataset/test/MildDemented/31 (24).jpg,2,0
Alzheimer_s Dataset/test/MildDemented/32 (5).jpg,2,3
Alzheimer_s Dataset/test/MildDemented/27 (13).jpg,2,2
Alzheimer_s Dataset/test/MildDemented/27 (12).jpg,2,2
Alzheimer_s Dataset/test/MildDemented/30 (25).jpg,2,3
Alzheimer_s Dataset/test/MildDemented/31 (25).jpg,2,0
Alzheimer_s Dataset/test/MildDemented/32 (4).jpg,2,3
Alzheimer_s Dataset/test/MildDemented/31 (2).jpg,2,2
Alzheimer_s Dataset/test/MildDemented/30 (3).jpg,2,0
Alzheimer_s Dataset/test/MildDemented/32 (16).jpg,2,0
Alzheimer_s Dataset/test/MildDemented/27 (7).jpg,2,2
Alzheimer_s Dataset/test/MildDemented/29 (10).jpg,2,2
Alzheimer_s Dataset/test/MildDemented/28 (10).jpg,2,2
Alzheimer_s Dataset/test/MildDemented/26 (28).jpg,2,3
Alzheimer_s Dataset/test/MildDemented/27 (28).jpg,2,3
Alzheimer_s Dataset/test/MildDemented/28 (2).jpg,2,2
Alzheimer_s Dataset/test/MildDemented/28 (26).jpg,2,2
Alzheimer_s Dataset/test/MildDemented/29 (26).jpg,2,3
Alzheimer_s Dataset/test/MildDemented/32 (20).jpg,2,3
Alzheimer_s Dataset/test/MildDemented/32 (8).jpg,2,0
Alzheimer_s Dataset/test/MildDemented/31 (13).jpg,2,3
Alzheimer_s Dataset/test/MildDemented/30 (13).jpg,2,3
Alzheimer_s Dataset/test/MildDemented/27 (24).jpg,2,2
Alzheimer_s Dataset/test/MildDemented/26 (24).jpg,2,2
Alzheimer_s Dataset/test/MildDemented/29 (3).jpg,2,0
Alzheimer_s Dataset/test/MildDemented/29 (25).jpg,2,3
Alzheimer_s Dataset/test/MildDemented/28 (25).jpg,2,3
Alzheimer_s Dataset/test/MildDemented/32 (23).jpg,2,3
Alzheimer_s Dataset/test/MildDemented/30 (10).jpg,2,3
Alzheimer_s Dataset/test/MildDemented/31 (10).jpg,2,0
Alzheimer_s Dataset/test/MildDemented/32 (19).jpg,2,0
Alzheimer_s Dataset/test/MildDemented/26 (27).jpg,2,2
Alzheimer_s Dataset/test/MildDemented/27 (27).jpg,2,2
Alzheimer_s Dataset/test/MildDemented/27 (8).jpg,2,2
Alzheimer_s Dataset/test/MildDemented/27 (11).jpg,2,2
Alzheimer_s Dataset/test/MildDemented/32 (7).jpg,2,0
Alzheimer_s Dataset/test/MildDemented/31 (26).jpg,2,3
Alzheimer_s Dataset/test/MildDemented/30 (26).jpg,2,3
Alzheimer_s Dataset/test/MildDemented/32 (15).jpg,2,0
Alzheimer_s Dataset/test/MildDemented/28 (13).jpg,2,2
Alzheimer_s Dataset/test/MildDemented/29 (13).jpg,2,3
Alzheimer_s Dataset/test/MildDemented/27 (4).jpg,2,2
Alzheimer_s Dataset/test/MildDemented/27.jpg,2,2
Alzheimer_s Dataset/test/MildDemented/28 (12).jpg,2,2
Alzheimer_s Dataset/test/MildDemented/29 (12).jpg,2,2
Alzheimer_s Dataset/test/MildDemented/27 (5).jpg,2,2
Alzheimer_s Dataset/test/MildDemented/32 (14).jpg,2,2
Alzheimer_s Dataset/test/MildDemented/32 (6).jpg,2,3
Alzheimer_s Dataset/test/MildDemented/31 (27).jpg,2,2
Alzheimer_s Dataset/test/MildDemented/30 (27).jpg,2,2
Alzheimer_s Dataset/test/MildDemented/27 (10).jpg,2,2
Alzheimer_s Dataset/test/MildDemented/26.jpg,2,2
Alzheimer_s Dataset/test/MildDemented/32.jpg,2,3
Alzheimer_s Dataset/test/MildDemented/28 (28).jpg,2,3
Alzheimer_s Dataset/test/MildDemented/29 (28).jpg,2,3
Alzheimer_s Dataset/test/MildDemented/30.jpg,2,0
Alzheimer_s Dataset/test/MildDemented/27 (9).jpg,2,2
Alzheimer_s Dataset/test/MildDemented/26 (26).jpg,2,2
Alzheimer_s Dataset/test/MildDemented/27 (26).jpg,2,2
Alzheimer_s Dataset/test/MildDemented/30 (11).jpg,2,3
Alzheimer_s Dataset/test/MildDemented/31 (11).jpg,2,2
Alzheimer_s Dataset/test/MildDemented/32 (18).jpg,2,3
Alzheimer_s Dataset/test/MildDemented/32 (22).jpg,2,2
Alzheimer_s Dataset/test/MildDemented/29 (24).jpg,2,2
Alzheimer_s Dataset/test/MildDemented/28 (24).jpg,2,2
Alzheimer_s Dataset/test/MildDemented/31.jpg,2,0
Alzheimer_s Dataset/test/MildDemented/27 (17).jpg,2,2
Alzheimer_s Dataset/test/MildDemented/30 (20).jpg,2,2
Alzheimer_s Dataset/test/MildDemented/31 (20).jpg,2,2
Alzheimer_s Dataset/test/MildDemented/31 (7).jpg,2,0
Alzheimer_s Dataset/test/MildDemented/30 (6).jpg,2,0
Alzheimer_s Dataset/test/MildDemented/32 (13).jpg,2,3
Alzheimer_s Dataset/test/MildDemented/29 (15).jpg,2,3
Alzheimer_s Dataset/test/MildDemented/28 (15).jpg,2,3
Alzheimer_s Dataset/test/MildDemented/27 (2).jpg,2,2
Alzheimer_s Dataset/test/MildDemented/28 (7).jpg,2,2
Alzheimer_s Dataset/test/MildDemented/28 (23).jpg,2,2
Alzheimer_s Dataset/test/MildDemented/29 (23).jpg,2,2
Alzheimer_s Dataset/test/MildDemented/32 (25).jpg,2,0
Alzheimer_s Dataset/test/MildDemented/31 (16).jpg,2,0
Alzheimer_s Dataset/test/MildDemented/30 (16).jpg,2,0
Alzheimer_s Dataset/test/MildDemented/27 (21).jpg,2,3
Alzheimer_s Dataset/test/MildDemented/26 (21).jpg,2,2
Alzheimer_s Dataset/test/MildDemented/28 (19).jpg,2,0
Alzheimer_s Dataset/test/MildDemented/29 (19).jpg,2,0
Alzheimer_s Dataset/test/MildDemented/29 (6).jpg,2,0
Alzheimer_s Dataset/test/MildDemented/29 (7).jpg,2,3
Alzheimer_s Dataset/test/MildDemented/28 (18).jpg,2,3
Alzheimer_s Dataset/test/MildDemented/29 (18).jpg,2,3
Alzheimer_s Dataset/test/MildDemented/27 (20).jpg,2,2
Alzheimer_s Dataset/test/MildDemented/26 (20).jpg,2,2
Alzheimer_s Dataset/test/MildDemented/31 (17).jpg,2,0
Alzheimer_s Dataset/test/MildDemented/30 (17).jpg,2,0
Alzheimer_s Dataset/test/MildDemented/32 (24).jpg,2,0
Alzheimer_s Dataset/test/MildDemented/28 (22).jpg,2,2
Alzheimer_s Dataset/test/MildDemented/29 (22).jpg,2,2
Alzheimer_s Dataset/test/MildDemented/28 (6).jpg,2,2
Alzheimer_s Dataset/test/MildDemented/29 (14).jpg,2,2
Alzheimer_s Dataset/test/MildDemented/28 (14).jpg,2,2
Alzheimer_s Dataset/test/MildDemented/27 (3).jpg,2,2
Alzheimer_s Dataset/test/MildDemented/30 (7).jpg,2,0
Alzheimer_s Dataset/test/MildDemented/32 (12).jpg,2,0
Alzheimer_s Dataset/test/MildDemented/31 (6).jpg,2,3
Alzheimer_s Dataset/test/MildDemented/32 (28).jpg,2,3
Alzheimer_s Dataset/test/MildDemented/30 (21).jpg,2,0
Alzheimer_s Dataset/test/MildDemented/31 (21).jpg,2,0
Alzheimer_s Dataset/test/MildDemented/27 (16).jpg,2,2
Alzheimer_s Dataset/test/NonDemented/26 (81).jpg,3,3
Alzheimer_s Dataset/test/NonDemented/27 (81).jpg,3,3
Alzheimer_s Dataset/test/NonDemented/28 (56).jpg,3,3
Alzheimer_s Dataset/test/NonDemented/29 (56).jpg,3,0
Alzheimer_s Dataset/test/NonDemented/32 (50).jpg,3,0
Alzheimer_s Dataset/test/NonDemented/31 (59).jpg,3,0
Alzheimer_s Dataset/test/NonDemented/27 (39).jpg,3,3
Alzheimer_s Dataset/test/NonDemented/30 (59).jpg,3,0
Alzheimer_s Dataset/test/NonDemented/29 (8).jpg,3,3
Alzheimer_s Dataset/test/NonDemented/32 (46).jpg,3,3
Alzheimer_s Dataset/test/NonDemented/28 (17).jpg,3,3
Alzheimer_s Dataset/test/NonDemented/29 (17).jpg,3,3
Alzheimer_s Dataset/test/NonDemented/27 (97).jpg,3,3
Alzheimer_s Dataset/test/NonDemented/26 (97).jpg,3,3
Alzheimer_s Dataset/test/NonDemented/30 (4).jpg,3,3
Alzheimer_s Dataset/test/NonDemented/32 (11).jpg,3,0
Alzheimer_s Dataset/test/NonDemented/31 (18).jpg,3,0
Alzheimer_s Dataset/test/NonDemented/26 (78).jpg,3,3
Alzheimer_s Dataset/test/NonDemented/30 (18).jpg,3,0
Alzheimer_s Dataset/test/NonDemented/27 (78).jpg,3,3
Alzheimer_s Dataset/test/NonDemented/29 (40).jpg,3,3
Alzheimer_s Dataset/test/NonDemented/28 (40).jpg,3,3
Alzheimer_s Dataset/test/NonDemented/32 (85).jpg,3,3
Alzheimer_s Dataset/test/NonDemented/31 (63).jpg,3,3
Alzheimer_s Dataset/test/NonDemented/30 (63).jpg,3,3
Alzheimer_s Dataset/test/NonDemented/27 (54).jpg,3,3
Alzheimer_s Dataset/test/NonDemented/30 (34).jpg,3,3
Alzheimer_s Dataset/test/NonDemented/31 (34).jpg,3,3
Alzheimer_s Dataset/test/NonDemented/26 (100).jpg,3,3
Alzheimer_s Dataset/test/NonDemented/29 (83).jpg,3,3
Alzheimer_s Dataset/test/NonDemented/31 (5).jpg,3,0
Alzheimer_s Dataset/test/NonDemented/28 (83).jpg,3,3
Alzheimer_s Dataset/test/NonDemented/31 (22).jpg,3,3
Alzheimer_s Dataset/test/NonDemented/30 (22).jpg,3,3
Alzheimer_s Dataset/test/NonDemented/27 (42).jpg,3,3
Alzheimer_s Dataset/test/NonDemented/32 (3).jpg,3,0
Alzheimer_s Dataset/test/NonDemented/32 (100).jpg,3,3
Alzheimer_s Dataset/test/NonDemented/28 (95).jpg,3,3
Alzheimer_s Dataset/test/NonDemented/29 (95).jpg,3,3
Alzheimer_s Dataset/test/NonDemented/30 (75).jpg,3,3
Alzheimer_s Dataset/test/NonDemented/27 (15).jpg,3,3
Alzheimer_s Dataset/test/NonDemented/31 (75).jpg,3,3
Alzheimer_s Dataset/test/NonDemented/32 (93).jpg,3,3
Alzheimer_s Dataset/test/NonDemented/28 (9).jpg,3,3
Alzheimer_s Dataset/test/NonDemented/26 (62).jpg,3,3
Alzheimer_s Dataset/test/NonDemented/27 (62).jpg,3,3
Alzheimer_s Dataset/test/NonDemented/29 (4).jpg,3,3
Alzheimer_s Dataset/test/NonDemented/30 (55).jpg,3,3
Alzheimer_s Dataset/test/NonDemented/27 (35).jpg,3,0
Alzheimer_s Dataset/test/NonDemented/31 (55).jpg,3,3
Alzheimer_s Dataset/test/NonDemented/31 (43).jpg,3,3
Alzheimer_s Dataset/test/NonDemented/27 (23).jpg,3,3
Alzheimer_s Dataset/test/NonDemented/30 (43).jpg,3,3
Alzheimer_s Dataset/test/NonDemented/30 (8).jpg,3,3
Alzheimer_s Dataset/test/NonDemented/27 (74).jpg,3,3
Alzheimer_s Dataset/test/NonDemented/30 (14).jpg,3,3
Alzheimer_s Dataset/test/NonDemented/26 (74).jpg,3,3
Alzheimer_s Dataset/test/NonDemented/31 (14).jpg,3,3
Alzheimer_s Dataset/test/NonDemented/28 (37).jpg,3,3
Alzheimer_s Dataset/test/NonDemented/29 (37).jpg,3,3
Alzheimer_s Dataset/test/NonDemented/32 (89).jpg,3,0
Alzheimer_s Dataset/test/NonDemented/32 (66).jpg,3,3
Alzheimer_s Dataset/test/NonDemented/31 (80).jpg,3,3
Alzheimer_s Dataset/test/NonDemented/30 (80).jpg,3,3
Alzheimer_s Dataset/test/NonDemented/29 (60).jpg,3,0
Alzheimer_s Dataset/test/NonDemented/28 (60).jpg,3,0
Alzheimer_s Dataset/test/NonDemented/31 (9).jpg,3,3
Alzheimer_s Dataset/test/NonDemented/31 (38).jpg,3,3
Alzheimer_s Dataset/test/NonDemented/30 (38).jpg,3,3
Alzheimer_s Dataset/test/NonDemented/27 (58).jpg,3,3
Alzheimer_s Dataset/test/NonDemented/32 (31).jpg,3,3
Alzheimer_s Dataset/test/NonDemented/28 (76).jpg,3,3
Alzheimer_s Dataset/test/NonDemented/29 (76).jpg,3,3
Alzheimer_s Dataset/test/NonDemented/29 (99).jpg,3,3
Alzheimer_s Dataset/test/NonDemented/28 (99).jpg,3,3
Alzheimer_s Dataset/test/NonDemented/32 (27).jpg,3,3
Alzheimer_s Dataset/test/NonDemented/29 (21).jpg,3,3
Alzheimer_s Dataset/test/NonDemented/28 (21).jpg,3,3
Alzheimer_s Dataset/test/NonDemented/31 (79).jpg,3,3
Alzheimer_s Dataset/test/NonDemented/27 (19).jpg,3,3
Alzheimer_s Dataset/test/NonDemented/30 (79).jpg,3,3
Alzheimer_s Dataset/test/NonDemented/30 (96).jpg,3,3
Alzheimer_s Dataset/test/NonDemented/28 (5).jpg,3,2
Alzheimer_s Dataset/test/NonDemented/31 (96).jpg,3,3
Alzheimer_s Dataset/test/NonDemented/32 (70).jpg,3,3
Alzheimer_s Dataset/test/NonDemented/31 (78).jpg,3,3
Alzheimer_s Dataset/test/NonDemented/30 (78).jpg,3,3
Alzheimer_s Dataset/test/NonDemented/27 (18).jpg,3,0
Alzheimer_s Dataset/test/NonDemented/30 (97).jpg,3,3
Alzheimer_s Dataset/test/NonDemented/28 (4).jpg,3,3
Alzheimer_s Dataset/test/NonDemented/31 (97).jpg,3,3
Alzheimer_s Dataset/test/NonDemented/32 (71).jpg,3,0
Alzheimer_s Dataset/test/NonDemented/29 (20).jpg,3,0
Alzheimer_s Dataset/test/NonDemented/28 (20).jpg,3,0
Alzheimer_s Dataset/test/NonDemented/32 (26).jpg,3,3
Alzheimer_s Dataset/test/NonDemented/28 (77).jpg,3,3
Alzheimer_s Dataset/test/NonDemented/29 (77).jpg,3,3
Alzheimer_s Dataset/test/NonDemented/29 (98).jpg,3,2
Alzheimer_s Dataset/test/NonDemented/28 (98).jpg,3,3
Alzheimer_s Dataset/test/NonDemented/31 (39).jpg,3,3
Alzheimer_s Dataset/test/NonDemented/27 (59).jpg,3,3
Alzheimer_s Dataset/test/NonDemented/30 (39).jpg,3,3
Alzheimer_s Dataset/test/NonDemented/32 (30).jpg,3,3
Alzheimer_s Dataset/test/NonDemented/29 (61).jpg,3,3
Alzheimer_s Dataset/test/NonDemented/28 (61).jpg,3,3
Alzheimer_s Dataset/test/NonDemented/31 (8).jpg,3,3
Alzheimer_s Dataset/test/NonDemented/32 (88).jpg,3,3
Alzheimer_s Dataset/test/NonDemented/32 (67).jpg,3,3
Alzheimer_s Dataset/test/NonDemented/31 (81).jpg,3,3
Alzheimer_s Dataset/test/NonDemented/30 (81).jpg,3,3
Alzheimer_s Dataset/test/NonDemented/28 (36).jpg,3,3
Alzheimer_s Dataset/test/NonDemented/29 (36).jpg,3,3
Alzheimer_s Dataset/test/NonDemented/30 (9).jpg,3,3
Alzheimer_s Dataset/test/NonDemented/30 (15).jpg,3,0
Alzheimer_s Dataset/test/NonDemented/27 (75).jpg,3,3
Alzheimer_s Dataset/test/NonDemented/31 (15).jpg,3,0
Alzheimer_s Dataset/test/NonDemented/26 (75).jpg,3,3
Alzheimer_s Dataset/test/NonDemented/31 (42).jpg,3,3
Alzheimer_s Dataset/test/NonDemented/30 (42).jpg,3,3
Alzheimer_s Dataset/test/NonDemented/27 (22).jpg,3,3
Alzheimer_s Dataset/test/NonDemented/27 (34).jpg,3,3
Alzheimer_s Dataset/test/NonDemented/30 (54).jpg,3,3
Alzheimer_s Dataset/test/NonDemented/31 (54).jpg,3,3
Alzheimer_s Dataset/test/NonDemented/29 (5).jpg,3,2
Alzheimer_s Dataset/test/NonDemented/26 (63).jpg,3,0
Alzheimer_s Dataset/test/NonDemented/27 (63).jpg,3,3
Alzheimer_s Dataset/test/NonDemented/27 (14).jpg,3,3
Alzheimer_s Dataset/test/NonDemented/30 (74).jpg,3,0
Alzheimer_s Dataset/test/NonDemented/31 (74).jpg,3,0
Alzheimer_s Dataset/test/NonDemented/32 (92).jpg,3,0
Alzheimer_s Dataset/test/NonDemented/28 (8).jpg,3,3
Alzheimer_s Dataset/test/NonDemented/28 (94).jpg,3,3
Alzheimer_s Dataset/test/NonDemented/29 (94).jpg,3,3
Alzheimer_s Dataset/test/NonDemented/31 (23).jpg,3,3
Alzheimer_s Dataset/test/NonDemented/27 (43).jpg,3,3
Alzheimer_s Dataset/test/NonDemented/30 (23).jpg,3,0
Alzheimer_s Dataset/test/NonDemented/32 (2).jpg,3,3
Alzheimer_s Dataset/test/NonDemented/29 (82).jpg,3,3
Alzheimer_s Dataset/test/NonDemented/31 (4).jpg,3,3
Alzheimer_s Dataset/test/NonDemented/28 (82).jpg,3,3
Alzheimer_s Dataset/test/NonDemented/30 (35).jpg,3,0
Alzheimer_s Dataset/test/NonDemented/27 (55).jpg,3,3
Alzheimer_s Dataset/test/NonDemented/31 (35).jpg,3,0
Alzheimer_s Dataset/test/NonDemented/32 (84).jpg,3,3
Alzheimer_s Dataset/test/NonDemented/31 (62).jpg,3,3
Alzheimer_s Dataset/test/NonDemented/30 (62).jpg,3,3
Alzheimer_s Dataset/test/NonDemented/29 (41).jpg,3,3
Alzheimer_s Dataset/test/NonDemented/28 (41).jpg,3,3
Alzheimer_s Dataset/test/NonDemented/27 (96).jpg,3,3
Alzheimer_s Dataset/test/NonDemented/26 (96).jpg,3,3
Alzheimer_s Dataset/test/NonDemented/30 (5).jpg,3,0
Alzheimer_s Dataset/test/NonDemented/32 (10).jpg,3,3
Alzheimer_s Dataset/test/NonDemented/26 (79).jpg,3,3
Alzheimer_s Dataset/test/NonDemented/31 (19).jpg,3,3
Alzheimer_s Dataset/test/NonDemented/27 (79).jpg,3,3
Alzheimer_s Dataset/test/NonDemented/30 (19).jpg,3,3
Alzheimer_s Dataset/test/NonDemented/28 (16).jpg,3,3
Alzheimer_s Dataset/test/NonDemented/29 (16).jpg,3,3
Alzheimer_s Dataset/test/NonDemented/32 (47).jpg,3,3
Alzheimer_s Dataset/test/NonDemented/29 (9).jpg,3,3
Alzheimer_s Dataset/test/NonDemented/32 (51).jpg,3,3
Alzheimer_s Dataset/test/NonDemented/31 (58).jpg,3,3
Alzheimer_s Dataset/test/NonDemented/30 (58).jpg,3,3
Alzheimer_s Dataset/test/NonDemented/27 (38).jpg,3,3
Alzheimer_s Dataset/test/NonDemented/28 (57).jpg,3,3
Alzheimer_s Dataset/test/NonDemented/29 (57).jpg,3,3
Alzheimer_s Dataset/test/NonDemented/26 (80).jpg,3,3
Alzheimer_s Dataset/test/NonDemented/27 (80).jpg,3,3
Alzheimer_s Dataset/test/NonDemented/28.jpg,3,3
Alzheimer_s Dataset/test/NonDemented/27 (64).jpg,3,3
Alzheimer_s Dataset/test/NonDemented/26 (64).jpg,3,3
Alzheimer_s Dataset/test/NonDemented/29 (2).jpg,3,3
Alzheimer_s Dataset/test/NonDemented/31 (53).jpg,3,3
Alzheimer_s Dataset/test/NonDemented/30 (53).jpg,3,3
Alzheimer_s Dataset/test/NonDemented/27 (33).jpg,3,3
Alzheimer_s Dataset/test/NonDemented/27 (25).jpg,3,3
Alzheimer_s Dataset/test/NonDemented/30 (45).jpg,3,3
Alzheimer_s Dataset/test/NonDemented/31 (45).jpg,3,3
Alzheimer_s Dataset/test/NonDemented/26 (72).jpg,3,3
Alzheimer_s Dataset/test/NonDemented/31 (12).jpg,3,3
Alzheimer_s Dataset/test/NonDemented/27 (72).jpg,3,3
Alzheimer_s Dataset/test/NonDemented/30 (12).jpg,3,3
Alzheimer_s Dataset/test/NonDemented/29 (31).jpg,3,0
Alzheimer_s Dataset/test/NonDemented/28 (31).jpg,3,3
Alzheimer_s Dataset/test/NonDemented/31 (69).jpg,3,3
Alzheimer_s Dataset/test/NonDemented/30 (69).jpg,3,3
Alzheimer_s Dataset/test/NonDemented/30 (86).jpg,3,3
Alzheimer_s Dataset/test/NonDemented/32 (60).jpg,3,0
Alzheimer_s Dataset/test/NonDemented/31 (86).jpg,3,3
Alzheimer_s Dataset/test/NonDemented/28 (66).jpg,3,3
Alzheimer_s Dataset/test/NonDemented/29 (66).jpg,3,3
Alzheimer_s Dataset/test/NonDemented/29 (89).jpg,3,3
Alzheimer_s Dataset/test/NonDemented/28 (89).jpg,3,3
Alzheimer_s Dataset/test/NonDemented/32 (37).jpg,3,3
Alzheimer_s Dataset/test/NonDemented/29 (70).jpg,3,3
Alzheimer_s Dataset/test/NonDemented/28 (70).jpg,3,3
Alzheimer_s Dataset/test/NonDemented/31 (28).jpg,3,3
Alzheimer_s Dataset/test/NonDemented/27 (48).jpg,3,3
Alzheimer_s Dataset/test/NonDemented/30 (28).jpg,3,3
Alzheimer_s Dataset/test/NonDemented/32 (21).jpg,3,3
Alzheimer_s Dataset/test/NonDemented/32 (9).jpg,3,3
Alzheimer_s Dataset/test/NonDemented/28 (27).jpg,3,3
Alzheimer_s Dataset/test/NonDemented/29 (27).jpg,3,3
Alzheimer_s Dataset/test/NonDemented/27 (100).jpg,3,3
Alzheimer_s Dataset/test/NonDemented/29.jpg,3,3
Alzheimer_s Dataset/test/NonDemented/32 (99).jpg,3,3
Alzheimer_s Dataset/test/NonDemented/31 (90).jpg,3,3
Alzheimer_s Dataset/test/NonDemented/32 (76).jpg,3,3
Alzheimer_s Dataset/test/NonDemented/30 (90).jpg,3,3
Alzheimer_s Dataset/test/NonDemented/28 (3).jpg,3,0
Alzheimer_s Dataset/test/NonDemented/27 (87).jpg,3,3
Alzheimer_s Dataset/test/NonDemented/26 (87).jpg,3,3
Alzheimer_s Dataset/test/NonDemented/26 (68).jpg,3,3
Alzheimer_s Dataset/test/NonDemented/27 (68).jpg,3,3
Alzheimer_s Dataset/test/NonDemented/29 (50).jpg,3,0
Alzheimer_s Dataset/test/NonDemented/28 (50).jpg,3,0
Alzheimer_s Dataset/test/NonDemented/32 (56).jpg,3,3
Alzheimer_s Dataset/test/NonDemented/32 (40).jpg,3,3
Alzheimer_s Dataset/test/NonDemented/31 (49).jpg,3,0
Alzheimer_s Dataset/test/NonDemented/30 (49).jpg,3,0
Alzheimer_s Dataset/test/NonDemented/27 (29).jpg,3,3
Alzheimer_s Dataset/test/NonDemented/27 (6).jpg,3,3
Alzheimer_s Dataset/test/NonDemented/29 (11).jpg,3,0
Alzheimer_s Dataset/test/NonDemented/28 (11).jpg,3,3
Alzheimer_s Dataset/test/NonDemented/30 (2).jpg,3,3
Alzheimer_s Dataset/test/NonDemented/26 (91).jpg,3,3
Alzheimer_s Dataset/test/NonDemented/32 (17).jpg,3,3
Alzheimer_s Dataset/test/NonDemented/27 (91).jpg,3,3
Alzheimer_s Dataset/test/NonDemented/28 (46).jpg,3,3
Alzheimer_s Dataset/test/NonDemented/29 (46).jpg,3,3
Alzheimer_s Dataset/test/NonDemented/30 (65).jpg,3,3
Alzheimer_s Dataset/test/NonDemented/32 (83).jpg,3,3
Alzheimer_s Dataset/test/NonDemented/31 (65).jpg,3,3
Alzheimer_s Dataset/test/NonDemented/31 (32).jpg,3,3
Alzheimer_s Dataset/test/NonDemented/27 (52).jpg,3,3
Alzheimer_s Dataset/test/NonDemented/30 (32).jpg,3,3
Alzheimer_s Dataset/test/NonDemented/28 (85).jpg,3,3
Alzheimer_s Dataset/test/NonDemented/29 (85).jpg,3,3
Alzheimer_s Dataset/test/NonDemented/31 (3).jpg,3,0
Alzheimer_s Dataset/test/NonDemented/30 (24).jpg,3,2
Alzheimer_s Dataset/test/NonDemented/27 (44).jpg,3,3
Alzheimer_s Dataset/test/NonDemented/31 (24).jpg,3,2
Alzheimer_s Dataset/test/NonDemented/32 (5).jpg,3,3
Alzheimer_s Dataset/test/NonDemented/29 (93).jpg,3,3
Alzheimer_s Dataset/test/NonDemented/28 (93).jpg,3,3
Alzheimer_s Dataset/test/NonDemented/31 (73).jpg,3,3
Alzheimer_s Dataset/test/NonDemented/32 (95).jpg,3,0
Alzheimer_s Dataset/test/NonDemented/30 (73).jpg,3,0
Alzheimer_s Dataset/test/NonDemented/27 (13).jpg,3,3
Alzheimer_s Dataset/test/NonDemented/31 (72).jpg,3,3
Alzheimer_s Dataset/test/NonDemented/32 (94).jpg,3,0
Alzheimer_s Dataset/test/NonDemented/27 (12).jpg,3,3
Alzheimer_s Dataset/test/NonDemented/30 (72).jpg,3,3
Alzheimer_s Dataset/test/NonDemented/29 (92).jpg,3,3
Alzheimer_s Dataset/test/NonDemented/28 (92).jpg,3,3
Alzheimer_s Dataset/test/NonDemented/27 (45).jpg,3,3
Alzheimer_s Dataset/test/NonDemented/30 (25).jpg,3,3
Alzheimer_s Dataset/test/NonDemented/31 (25).jpg,3,3
Alzheimer_s Dataset/test/NonDemented/32 (4).jpg,3,3
Alzheimer_s Dataset/test/NonDemented/28 (84).jpg,3,3
Alzheimer_s Dataset/test/NonDemented/29 (84).jpg,3,3
Alzheimer_s Dataset/test/NonDemented/31 (2).jpg,3,3
Alzheimer_s Dataset/test/NonDemented/31 (33).jpg,3,3
Alzheimer_s Dataset/test/NonDemented/30 (33).jpg,3,3
Alzheimer_s Dataset/test/NonDemented/27 (53).jpg,3,3
Alzheimer_s Dataset/test/NonDemented/30 (64).jpg,3,0
Alzheimer_s Dataset/test/NonDemented/32 (82).jpg,3,3
Alzheimer_s Dataset/test/NonDemented/31 (64).jpg,3,3
Alzheimer_s Dataset/test/NonDemented/28 (47).jpg,3,3
Alzheimer_s Dataset/test/NonDemented/29 (47).jpg,3,3
Alzheimer_s Dataset/test/NonDemented/30 (3).jpg,3,0
Alzheimer_s Dataset/test/NonDemented/26 (90).jpg,3,3
Alzheimer_s Dataset/test/NonDemented/32 (16).jpg,3,3
Alzheimer_s Dataset/test/NonDemented/27 (90).jpg,3,3
Alzheimer_s Dataset/test/NonDemented/27 (7).jpg,3,3
Alzheimer_s Dataset/test/NonDemented/29 (10).jpg,3,3
Alzheimer_s Dataset/test/NonDemented/28 (10).jpg,3,3
Alzheimer_s Dataset/test/NonDemented/32 (41).jpg,3,3
Alzheimer_s Dataset/test/NonDemented/31 (48).jpg,3,3
Alzheimer_s Dataset/test/NonDemented/27 (28).jpg,3,3
Alzheimer_s Dataset/test/NonDemented/30 (48).jpg,3,3
Alzheimer_s Dataset/test/NonDemented/32 (57).jpg,3,3
Alzheimer_s Dataset/test/NonDemented/29 (51).jpg,3,3
Alzheimer_s Dataset/test/NonDemented/28 (51).jpg,3,3
Alzheimer_s Dataset/test/NonDemented/27 (86).jpg,3,3
Alzheimer_s Dataset/test/NonDemented/26 (86).jpg,3,3
Alzheimer_s Dataset/test/NonDemented/26 (69).jpg,3,3
Alzheimer_s Dataset/test/NonDemented/27 (69).jpg,3,3
Alzheimer_s Dataset/test/NonDemented/32 (98).jpg,3,0
Alzheimer_s Dataset/test/NonDemented/31 (91).jpg,3,3
Alzheimer_s Dataset/test/NonDemented/32 (77).jpg,3,3
Alzheimer_s Dataset/test/NonDemented/30 (91).jpg,3,3
Alzheimer_s Dataset/test/NonDemented/28 (2).jpg,3,3
Alzheimer_s Dataset/test/NonDemented/28 (26).jpg,3,3
Alzheimer_s Dataset/test/NonDemented/29 (26).jpg,3,3
Alzheimer_s Dataset/test/NonDemented/31 (29).jpg,3,0
Alzheimer_s Dataset/test/NonDemented/30 (29).jpg,3,0
Alzheimer_s Dataset/test/NonDemented/27 (49).jpg,3,0
Alzheimer_s Dataset/test/NonDemented/32 (20).jpg,3,3
Alzheimer_s Dataset/test/NonDemented/32 (8).jpg,3,3
Alzheimer_s Dataset/test/NonDemented/29 (71).jpg,3,0
Alzheimer_s Dataset/test/NonDemented/28 (71).jpg,3,3
Alzheimer_s Dataset/test/NonDemented/32 (36).jpg,3,3
Alzheimer_s Dataset/test/NonDemented/28 (67).jpg,3,3
Alzheimer_s Dataset/test/NonDemented/29 (67).jpg,3,3
Alzheimer_s Dataset/test/NonDemented/29 (88).jpg,3,3
Alzheimer_s Dataset/test/NonDemented/28 (88).jpg,3,3
Alzheimer_s Dataset/test/NonDemented/31 (68).jpg,3,3
Alzheimer_s Dataset/test/NonDemented/30 (68).jpg,3,3
Alzheimer_s Dataset/test/NonDemented/30 (87).jpg,3,3
Alzheimer_s Dataset/test/NonDemented/32 (61).jpg,3,3
Alzheimer_s Dataset/test/NonDemented/31 (87).jpg,3,3
Alzheimer_s Dataset/test/NonDemented/29 (30).jpg,3,3
Alzheimer_s Dataset/test/NonDemented/28 (30).jpg,3,3
Alzheimer_s Dataset/test/NonDemented/31 (13).jpg,3,3
Alzheimer_s Dataset/test/NonDemented/26 (73).jpg,3,3
Alzheimer_s Dataset/test/NonDemented/30 (13).jpg,3,3
Alzheimer_s Dataset/test/NonDemented/27 (73).jpg,3,0
Alzheimer_s Dataset/test/NonDemented/30 (44).jpg,3,3
Alzheimer_s Dataset/test/NonDemented/27 (24).jpg,3,3
Alzheimer_s Dataset/test/NonDemented/31 (44).jpg,3,3
Alzheimer_s Dataset/test/NonDemented/31 (52).jpg,3,0
Alzheimer_s Dataset/test/NonDemented/27 (32).jpg,3,3
Alzheimer_s Dataset/test/NonDemented/30 (52).jpg,3,0
Alzheimer_s Dataset/test/NonDemented/29 (3).jpg,3,0
Alzheimer_s Dataset/test/NonDemented/27 (65).jpg,3,3
Alzheimer_s Dataset/test/NonDemented/26 (65).jpg,3,3
Alzheimer_s Dataset/test/NonDemented/30 (92).jpg,3,3
Alzheimer_s Dataset/test/NonDemented/31 (92).jpg,3,3
Alzheimer_s Dataset/test/NonDemented/32 (74).jpg,3,0
Alzheimer_s Dataset/test/NonDemented/29 (25).jpg,3,3
Alzheimer_s Dataset/test/NonDemented/28 (25).jpg,3,3
Alzheimer_s Dataset/test/NonDemented/32 (23).jpg,3,3
Alzheimer_s Dataset/test/NonDemented/28 (72).jpg,3,0
Alzheimer_s Dataset/test/NonDemented/29 (72).jpg,3,3
Alzheimer_s Dataset/test/NonDemented/30 (100).jpg,3,3
Alzheimer_s Dataset/test/NonDemented/32 (35).jpg,3,0
Alzheimer_s Dataset/test/NonDemented/29 (64).jpg,3,0
Alzheimer_s Dataset/test/NonDemented/28 (64).jpg,3,0
Alzheimer_s Dataset/test/NonDemented/32 (62).jpg,3,3
Alzheimer_s Dataset/test/NonDemented/31 (84).jpg,3,3
Alzheimer_s Dataset/test/NonDemented/30 (84).jpg,3,3
Alzheimer_s Dataset/test/NonDemented/28 (33).jpg,3,3
Alzheimer_s Dataset/test/NonDemented/29 (33).jpg,3,3
Alzheimer_s Dataset/test/NonDemented/30 (10).jpg,3,3
Alzheimer_s Dataset/test/NonDemented/27 (70).jpg,3,3
Alzheimer_s Dataset/test/NonDemented/31 (10).jpg,3,3
Alzheimer_s Dataset/test/NonDemented/26 (70).jpg,3,3
Alzheimer_s Dataset/test/NonDemented/32 (19).jpg,3,3
Alzheimer_s Dataset/test/NonDemented/28 (48).jpg,3,3
Alzheimer_s Dataset/test/NonDemented/29 (48).jpg,3,3
Alzheimer_s Dataset/test/NonDemented/31 (47).jpg,3,3
Alzheimer_s Dataset/test/NonDemented/30 (47).jpg,3,3
Alzheimer_s Dataset/test/NonDemented/27 (27).jpg,3,3
Alzheimer_s Dataset/test/NonDemented/27 (8).jpg,3,3
Alzheimer_s Dataset/test/NonDemented/27 (31).jpg,3,3
Alzheimer_s Dataset/test/NonDemented/30 (51).jpg,3,3
Alzheimer_s Dataset/test/NonDemented/31 (51).jpg,3,3
Alzheimer_s Dataset/test/NonDemented/32 (58).jpg,3,3
Alzheimer_s Dataset/test/NonDemented/26 (66).jpg,3,3
Alzheimer_s Dataset/test/NonDemented/27 (66).jpg,3,3
Alzheimer_s Dataset/test/NonDemented/27 (89).jpg,3,2
Alzheimer_s Dataset/test/NonDemented/26 (89).jpg,3,3
Alzheimer_s Dataset/test/NonDemented/28 (29).jpg,3,3
Alzheimer_s Dataset/test/NonDemented/29 (29).jpg,3,0
Alzheimer_s Dataset/test/NonDemented/32 (78).jpg,3,3
Alzheimer_s Dataset/test/NonDemented/27 (11).jpg,3,3
Alzheimer_s Dataset/test/NonDemented/30 (71).jpg,3,0
Alzheimer_s Dataset/test/NonDemented/31 (71).jpg,3,0
Alzheimer_s Dataset/test/NonDemented/32 (97).jpg,3,3
Alzheimer_s Dataset/test/NonDemented/29 (100).jpg,3,3
Alzheimer_s Dataset/test/NonDemented/28 (91).jpg,3,3
Alzheimer_s Dataset/test/NonDemented/29 (91).jpg,3,3
Alzheimer_s Dataset/test/NonDemented/32 (7).jpg,3,3
Alzheimer_s Dataset/test/NonDemented/31 (26).jpg,3,3
Alzheimer_s Dataset/test/NonDemented/27 (46).jpg,3,3
Alzheimer_s Dataset/test/NonDemented/30 (26).jpg,3,3
Alzheimer_s Dataset/test/NonDemented/29 (87).jpg,3,3
Alzheimer_s Dataset/test/NonDemented/28 (87).jpg,3,3
Alzheimer_s Dataset/test/NonDemented/28 (68).jpg,3,3
Alzheimer_s Dataset/test/NonDemented/29 (68).jpg,3,3
Alzheimer_s Dataset/test/NonDemented/32 (39).jpg,3,3
Alzheimer_s Dataset/test/NonDemented/30 (30).jpg,3,0
Alzheimer_s Dataset/test/NonDemented/27 (50).jpg,3,3
Alzheimer_s Dataset/test/NonDemented/31 (30).jpg,3,3
Alzheimer_s Dataset/test/NonDemented/30 (88).jpg,3,3
Alzheimer_s Dataset/test/NonDemented/31 (88).jpg,3,3
Alzheimer_s Dataset/test/NonDemented/32 (81).jpg,3,3
Alzheimer_s Dataset/test/NonDemented/31 (67).jpg,3,3
Alzheimer_s Dataset/test/NonDemented/30 (67).jpg,3,3
Alzheimer_s Dataset/test/NonDemented/29 (44).jpg,3,3
Alzheimer_s Dataset/test/NonDemented/28 (44).jpg,3,3
Alzheimer_s Dataset/test/NonDemented/27 (93).jpg,3,3
Alzheimer_s Dataset/test/NonDemented/26 (93).jpg,3,3
Alzheimer_s Dataset/test/NonDemented/32 (15).jpg,3,3
Alzheimer_s Dataset/test/NonDemented/28 (13).jpg,3,3
Alzheimer_s Dataset/test/NonDemented/29 (13).jpg,3,3
Alzheimer_s Dataset/test/NonDemented/27 (4).jpg,3,3
Alzheimer_s Dataset/test/NonDemented/32 (42).jpg,3,3
Alzheimer_s Dataset/test/NonDemented/32 (54).jpg,3,3
Alzheimer_s Dataset/test/NonDemented/28 (52).jpg,3,3
Alzheimer_s Dataset/test/NonDemented/29 (52).jpg,3,3
Alzheimer_s Dataset/test/NonDemented/26 (85).jpg,3,3
Alzheimer_s Dataset/test/NonDemented/27 (85).jpg,3,3
Alzheimer_s Dataset/test/NonDemented/26 (84).jpg,3,3
Alzheimer_s Dataset/test/NonDemented/27.jpg,3,3
Alzheimer_s Dataset/test/NonDemented/27 (84).jpg,3,3
Alzheimer_s Dataset/test/NonDemented/28 (53).jpg,3,3
Alzheimer_s Dataset/test/NonDemented/29 (53).jpg,3,3
Alzheimer_s Dataset/test/NonDemented/32 (55).jpg,3,0
Alzheimer_s Dataset/test/NonDemented/32 (43).jpg,3,3
Alzheimer_s Dataset/test/NonDemented/28 (12).jpg,3,3
Alzheimer_s Dataset/test/NonDemented/29 (12).jpg,3,3
Alzheimer_s Dataset/test/NonDemented/27 (5).jpg,3,3
Alzheimer_s Dataset/test/NonDemented/27 (92).jpg,3,3
Alzheimer_s Dataset/test/NonDemented/26 (92).jpg,3,3
Alzheimer_s Dataset/test/NonDemented/32 (14).jpg,3,3
Alzheimer_s Dataset/test/NonDemented/29 (45).jpg,3,3
Alzheimer_s Dataset/test/NonDemented/28 (45).jpg,3,3
Alzheimer_s Dataset/test/NonDemented/30 (89).jpg,3,0
Alzheimer_s Dataset/test/NonDemented/31 (89).jpg,3,0
Alzheimer_s Dataset/test/NonDemented/32 (80).jpg,3,3
Alzheimer_s Dataset/test/NonDemented/31 (66).jpg,3,3
Alzheimer_s Dataset/test/NonDemented/30 (66).jpg,3,3
Alzheimer_s Dataset/test/NonDemented/32 (38).jpg,3,3
Alzheimer_s Dataset/test/NonDemented/27 (51).jpg,3,3
Alzheimer_s Dataset/test/NonDemented/30 (31).jpg,3,3
Alzheimer_s Dataset/test/NonDemented/31 (31).jpg,3,3
Alzheimer_s Dataset/test/NonDemented/29 (86).jpg,3,3
Alzheimer_s Dataset/test/NonDemented/28 (86).jpg,3,3
Alzheimer_s Dataset/test/NonDemented/28 (69).jpg,3,3
Alzheimer_s Dataset/test/NonDemented/29 (69).jpg,3,3
Alzheimer_s Dataset/test/NonDemented/32 (6).jpg,3,3
Alzheimer_s Dataset/test/NonDemented/31 (27).jpg,3,3
Alzheimer_s Dataset/test/NonDemented/30 (27).jpg,3,3
Alzheimer_s Dataset/test/NonDemented/27 (47).jpg,3,3
Alzheimer_s Dataset/test/NonDemented/28 (90).jpg,3,3
Alzheimer_s Dataset/test/NonDemented/29 (90).jpg,3,3
Alzheimer_s Dataset/test/NonDemented/32 (79).jpg,3,3
Alzheimer_s Dataset/test/NonDemented/30 (70).jpg,3,3
Alzheimer_s Dataset/test/NonDemented/27 (10).jpg,3,3
Alzheimer_s Dataset/test/NonDemented/31 (70).jpg,3,3
Alzheimer_s Dataset/test/NonDemented/32 (96).jpg,3,3
Alzheimer_s Dataset/test/NonDemented/26.jpg,3,3
Alzheimer_s Dataset/test/NonDemented/32.jpg,3,3
Alzheimer_s Dataset/test/NonDemented/28 (28).jpg,3,3
Alzheimer_s Dataset/test/NonDemented/29 (28).jpg,3,3
Alzheimer_s Dataset/test/NonDemented/30.jpg,3,3
Alzheimer_s Dataset/test/NonDemented/26 (67).jpg,3,3
Alzheimer_s Dataset/test/NonDemented/27 (67).jpg,3,3
Alzheimer_s Dataset/test/NonDemented/27 (88).jpg,3,3
Alzheimer_s Dataset/test/NonDemented/26 (88).jpg,3,3
Alzheimer_s Dataset/test/NonDemented/30 (50).jpg,3,0
Alzheimer_s Dataset/test/NonDemented/27 (30).jpg,3,3
Alzheimer_s Dataset/test/NonDemented/31 (50).jpg,3,0
Alzheimer_s Dataset/test/NonDemented/32 (59).jpg,3,0
Alzheimer_s Dataset/test/NonDemented/27 (9).jpg,3,3
Alzheimer_s Dataset/test/NonDemented/31 (46).jpg,3,3
Alzheimer_s Dataset/test/NonDemented/27 (26).jpg,3,3
Alzheimer_s Dataset/test/NonDemented/30 (46).jpg,3,3
Alzheimer_s Dataset/test/NonDemented/28 (49).jpg,3,0
Alzheimer_s Dataset/test/NonDemented/29 (49).jpg,3,0
Alzheimer_s Dataset/test/NonDemented/27 (71).jpg,3,3
Alzheimer_s Dataset/test/NonDemented/30 (11).jpg,3,0
Alzheimer_s Dataset/test/NonDemented/26 (71).jpg,3,3
Alzheimer_s Dataset/test/NonDemented/31 (11).jpg,3,0
Alzheimer_s Dataset/test/NonDemented/32 (18).jpg,3,3
Alzheimer_s Dataset/test/NonDemented/28 (32).jpg,3,3
Alzheimer_s Dataset/test/NonDemented/29 (32).jpg,3,3
Alzheimer_s Dataset/test/NonDemented/32 (63).jpg,3,3
Alzheimer_s Dataset/test/NonDemented/31 (85).jpg,3,3
Alzheimer_s Dataset/test/NonDemented/30 (85).jpg,3,3
Alzheimer_s Dataset/test/NonDemented/29 (65).jpg,3,3
Alzheimer_s Dataset/test/NonDemented/28 (65).jpg,3,3
Alzheimer_s Dataset/test/NonDemented/32 (34).jpg,3,3
Alzheimer_s Dataset/test/NonDemented/28 (73).jpg,3,0
Alzheimer_s Dataset/test/NonDemented/29 (73).jpg,3,3
Alzheimer_s Dataset/test/NonDemented/32 (22).jpg,3,3
Alzheimer_s Dataset/test/NonDemented/29 (24).jpg,3,3
Alzheimer_s Dataset/test/NonDemented/28 (24).jpg,3,3
Alzheimer_s Dataset/test/NonDemented/30 (93).jpg,3,3
Alzheimer_s Dataset/test/NonDemented/31.jpg,3,3
Alzheimer_s Dataset/test/NonDemented/31 (93).jpg,3,3
Alzheimer_s Dataset/test/NonDemented/32 (75).jpg,3,3
Alzheimer_s Dataset/test/NonDemented/31 (100).jpg,3,3
Alzheimer_s Dataset/test/NonDemented/30 (98).jpg,3,3
Alzheimer_s Dataset/test/NonDemented/31 (98).jpg,3,0
Alzheimer_s Dataset/test/NonDemented/31 (77).jpg,3,3
Alzheimer_s Dataset/test/NonDemented/32 (91).jpg,3,3
Alzheimer_s Dataset/test/NonDemented/27 (17).jpg,3,3
Alzheimer_s Dataset/test/NonDemented/30 (77).jpg,3,3
Alzheimer_s Dataset/test/NonDemented/29 (97).jpg,3,3
Alzheimer_s Dataset/test/NonDemented/28 (97).jpg,3,3
Alzheimer_s Dataset/test/NonDemented/28 (78).jpg,3,3
Alzheimer_s Dataset/test/NonDemented/29 (78).jpg,3,3
Alzheimer_s Dataset/test/NonDemented/32 (29).jpg,3,3
Alzheimer_s Dataset/test/NonDemented/27 (40).jpg,3,3
Alzheimer_s Dataset/test/NonDemented/30 (20).jpg,3,0
Alzheimer_s Dataset/test/NonDemented/31 (20).jpg,3,3
Alzheimer_s Dataset/test/NonDemented/28 (81).jpg,3,3
Alzheimer_s Dataset/test/NonDemented/29 (81).jpg,3,3
Alzheimer_s Dataset/test/NonDemented/31 (7).jpg,3,3
Alzheimer_s Dataset/test/NonDemented/31 (36).jpg,3,3
Alzheimer_s Dataset/test/NonDemented/30 (36).jpg,3,3
Alzheimer_s Dataset/test/NonDemented/27 (56).jpg,3,3
Alzheimer_s Dataset/test/NonDemented/28 (39).jpg,3,3
Alzheimer_s Dataset/test/NonDemented/29 (39).jpg,3,0
Alzheimer_s Dataset/test/NonDemented/32 (68).jpg,3,3
Alzheimer_s Dataset/test/NonDemented/30 (61).jpg,3,3
Alzheimer_s Dataset/test/NonDemented/32 (87).jpg,3,3
Alzheimer_s Dataset/test/NonDemented/31 (61).jpg,3,3
Alzheimer_s Dataset/test/NonDemented/28 (42).jpg,3,3
Alzheimer_s Dataset/test/NonDemented/29 (42).jpg,3,3
Alzheimer_s Dataset/test/NonDemented/26 (95).jpg,3,3
Alzheimer_s Dataset/test/NonDemented/30 (6).jpg,3,3
Alzheimer_s Dataset/test/NonDemented/32 (13).jpg,3,3
Alzheimer_s Dataset/test/NonDemented/27 (95).jpg,3,3
Alzheimer_s Dataset/test/NonDemented/29 (15).jpg,3,0
Alzheimer_s Dataset/test/NonDemented/28 (15).jpg,3,0
Alzheimer_s Dataset/test/NonDemented/27 (2).jpg,3,3
Alzheimer_s Dataset/test/NonDemented/32 (44).jpg,3,3
Alzheimer_s Dataset/test/NonDemented/32 (52).jpg,3,0
Alzheimer_s Dataset/test/NonDemented/29 (54).jpg,3,3
Alzheimer_s Dataset/test/NonDemented/28 (54).jpg,3,3
Alzheimer_s Dataset/test/NonDemented/27 (83).jpg,3,3
Alzheimer_s Dataset/test/NonDemented/26 (83).jpg,3,3
Alzheimer_s Dataset/test/NonDemented/31 (94).jpg,3,0
Alzheimer_s Dataset/test/NonDemented/32 (72).jpg,3,3
Alzheimer_s Dataset/test/NonDemented/30 (94).jpg,3,3
Alzheimer_s Dataset/test/NonDemented/28 (7).jpg,3,3
Alzheimer_s Dataset/test/NonDemented/28 (23).jpg,3,0
Alzheimer_s Dataset/test/NonDemented/29 (23).jpg,3,3
Alzheimer_s Dataset/test/NonDemented/32 (25).jpg,3,3
Alzheimer_s Dataset/test/NonDemented/29 (74).jpg,3,0
Alzheimer_s Dataset/test/NonDemented/28 (74).jpg,3,0
Alzheimer_s Dataset/test/NonDemented/32 (33).jpg,3,3
Alzheimer_s Dataset/test/NonDemented/28 (62).jpg,3,3
Alzheimer_s Dataset/test/NonDemented/29 (62).jpg,3,3
Alzheimer_s Dataset/test/NonDemented/30 (82).jpg,3,3
Alzheimer_s Dataset/test/NonDemented/32 (64).jpg,3,3
Alzheimer_s Dataset/test/NonDemented/31 (82).jpg,3,3
Alzheimer_s Dataset/test/NonDemented/28 (100).jpg,3,3
Alzheimer_s Dataset/test/NonDemented/29 (35).jpg,3,0
Alzheimer_s Dataset/test/NonDemented/28 (35).jpg,3,0
Alzheimer_s Dataset/test/NonDemented/31 (16).jpg,3,3
Alzheimer_s Dataset/test/NonDemented/26 (76).jpg,3,3
Alzheimer_s Dataset/test/NonDemented/30 (16).jpg,3,3
Alzheimer_s Dataset/test/NonDemented/27 (76).jpg,3,3
Alzheimer_s Dataset/test/NonDemented/27 (99).jpg,3,0
Alzheimer_s Dataset/test/NonDemented/26 (99).jpg,3,0
Alzheimer_s Dataset/test/NonDemented/30 (41).jpg,3,0
Alzheimer_s Dataset/test/NonDemented/27 (21).jpg,3,3
Alzheimer_s Dataset/test/NonDemented/31 (41).jpg,3,3
Alzheimer_s Dataset/test/NonDemented/32 (48).jpg,3,3
Alzheimer_s Dataset/test/NonDemented/28 (19).jpg,3,3
Alzheimer_s Dataset/test/NonDemented/29 (19).jpg,3,3
Alzheimer_s Dataset/test/NonDemented/31 (57).jpg,3,3
Alzheimer_s Dataset/test/NonDemented/27 (37).jpg,3,3
Alzheimer_s Dataset/test/NonDemented/30 (57).jpg,3,3
Alzheimer_s Dataset/test/NonDemented/29 (6).jpg,3,3
Alzheimer_s Dataset/test/NonDemented/27 (60).jpg,3,3
Alzheimer_s Dataset/test/NonDemented/28 (58).jpg,3,3
Alzheimer_s Dataset/test/NonDemented/29 (58).jpg,3,3
Alzheimer_s Dataset/test/NonDemented/28 (59).jpg,3,3
Alzheimer_s Dataset/test/NonDemented/29 (59).jpg,3,0
Alzheimer_s Dataset/test/NonDemented/27 (61).jpg,3,3
Alzheimer_s Dataset/test/NonDemented/29 (7).jpg,3,3
Alzheimer_s Dataset/test/NonDemented/31 (56).jpg,3,0
Alzheimer_s Dataset/test/NonDemented/30 (56).jpg,3,0
Alzheimer_s Dataset/test/NonDemented/27 (36).jpg,3,3
Alzheimer_s Dataset/test/NonDemented/28 (18).jpg,3,0
Alzheimer_s Dataset/test/NonDemented/29 (18).jpg,3,0
Alzheimer_s Dataset/test/NonDemented/27 (20).jpg,3,0
Alzheimer_s Dataset/test/NonDemented/30 (40).jpg,3,3
Alzheimer_s Dataset/test/NonDemented/31 (40).jpg,3,3
Alzheimer_s Dataset/test/NonDemented/32 (49).jpg,3,0
Alzheimer_s Dataset/test/NonDemented/26 (77).jpg,3,3
Alzheimer_s Dataset/test/NonDemented/31 (17).jpg,3,3
Alzheimer_s Dataset/test/NonDemented/27 (77).jpg,3,3
Alzheimer_s Dataset/test/NonDemented/30 (17).jpg,3,2
Alzheimer_s Dataset/test/NonDemented/27 (98).jpg,3,3
Alzheimer_s Dataset/test/NonDemented/26 (98).jpg,3,3
Alzheimer_s Dataset/test/NonDemented/29 (34).jpg,3,3
Alzheimer_s Dataset/test/NonDemented/28 (34).jpg,3,3
Alzheimer_s Dataset/test/NonDemented/30 (83).jpg,3,3
Alzheimer_s Dataset/test/NonDemented/32 (65).jpg,3,3
Alzheimer_s Dataset/test/NonDemented/31 (83).jpg,3,3
Alzheimer_s Dataset/test/NonDemented/28 (63).jpg,3,3
Alzheimer_s Dataset/test/NonDemented/29 (63).jpg,3,3
Alzheimer_s Dataset/test/NonDemented/32 (32).jpg,3,3
Alzheimer_s Dataset/test/NonDemented/29 (75).jpg,3,3
Alzheimer_s Dataset/test/NonDemented/28 (75).jpg,3,3
Alzheimer_s Dataset/test/NonDemented/32 (24).jpg,3,2
Alzheimer_s Dataset/test/NonDemented/28 (22).jpg,3,3
Alzheimer_s Dataset/test/NonDemented/29 (22).jpg,3,3
Alzheimer_s Dataset/test/NonDemented/31 (95).jpg,3,3
Alzheimer_s Dataset/test/NonDemented/32 (73).jpg,3,3
Alzheimer_s Dataset/test/NonDemented/30 (95).jpg,3,3
Alzheimer_s Dataset/test/NonDemented/28 (6).jpg,3,3
Alzheimer_s Dataset/test/NonDemented/27 (82).jpg,3,0
Alzheimer_s Dataset/test/NonDemented/26 (82).jpg,3,0
Alzheimer_s Dataset/test/NonDemented/29 (55).jpg,3,3
Alzheimer_s Dataset/test/NonDemented/28 (55).jpg,3,3
Alzheimer_s Dataset/test/NonDemented/32 (53).jpg,3,3
Alzheimer_s Dataset/test/NonDemented/32 (45).jpg,3,3
Alzheimer_s Dataset/test/NonDemented/29 (14).jpg,3,3
Alzheimer_s Dataset/test/NonDemented/28 (14).jpg,3,3
Alzheimer_s Dataset/test/NonDemented/27 (3).jpg,3,3
Alzheimer_s Dataset/test/NonDemented/26 (94).jpg,3,3
Alzheimer_s Dataset/test/NonDemented/30 (7).jpg,3,3
Alzheimer_s Dataset/test/NonDemented/32 (12).jpg,3,3
Alzheimer_s Dataset/test/NonDemented/27 (94).jpg,3,3
Alzheimer_s Dataset/test/NonDemented/28 (43).jpg,3,3
Alzheimer_s Dataset/test/NonDemented/29 (43).jpg,3,3
Alzheimer_s Dataset/test/NonDemented/32 (69).jpg,3,3
Alzheimer_s Dataset/test/NonDemented/30 (60).jpg,3,0
Alzheimer_s Dataset/test/NonDemented/32 (86).jpg,3,3
Alzheimer_s Dataset/test/NonDemented/31 (60).jpg,3,0
Alzheimer_s Dataset/test/NonDemented/28 (38).jpg,3,3
Alzheimer_s Dataset/test/NonDemented/29 (38).jpg,3,3
Alzheimer_s Dataset/test/NonDemented/31 (37).jpg,3,3
Alzheimer_s Dataset/test/NonDemented/27 (57).jpg,3,3
Alzheimer_s Dataset/test/NonDemented/30 (37).jpg,3,3
Alzheimer_s Dataset/test/NonDemented/28 (80).jpg,3,3
Alzheimer_s Dataset/test/NonDemented/29 (80).jpg,3,3
Alzheimer_s Dataset/test/NonDemented/31 (6).jpg,3,3
Alzheimer_s Dataset/test/NonDemented/32 (28).jpg,3,3
Alzheimer_s Dataset/test/NonDemented/30 (21).jpg,3,3
Alzheimer_s Dataset/test/NonDemented/27 (41).jpg,3,3
Alzheimer_s Dataset/test/NonDemented/31 (21).jpg,3,3
Alzheimer_s Dataset/test/NonDemented/29 (96).jpg,3,3
Alzheimer_s Dataset/test/NonDemented/28 (96).jpg,3,3
Alzheimer_s Dataset/test/NonDemented/28 (79).jpg,3,3
Alzheimer_s Dataset/test/NonDemented/29 (79).jpg,3,3
Alzheimer_s Dataset/test/NonDemented/30 (99).jpg,3,3
Alzheimer_s Dataset/test/NonDemented/31 (99).jpg,3,3
Alzheimer_s Dataset/test/NonDemented/31 (76).jpg,3,3
Alzheimer_s Dataset/test/NonDemented/32 (90).jpg,3,3
Alzheimer_s Dataset/test/NonDemented/30 (76).jpg,3,3
Alzheimer_s Dataset/test/NonDemented/27 (16).jpg,3,3
